﻿{"data":[{"Properties":{"domain":"INLANEFREIGHT.HTB","name":"WS01.INLANEFREIGHT.HTB","distinguishedname":"CN=WS01,OU=WORKSTATIONS,DC=INLANEFREIGHT,DC=HTB","domainsid":"S-1-5-21-307656423-3761733990-2565378310","highvalue":false,"samaccountname":"WS01$","haslaps":false,"description":null,"whencreated":1672887153,"enabled":true,"unconstraineddelegation":false,"trustedtoauth":false,"lastlogon":1677321808,"lastlogontimestamp":1676909934,"pwdlastset":1675572285,"serviceprincipalnames":["WSMAN/WS01","WSMAN/WS01.INLANEFREIGHT.HTB","TERMSRV/WS01","TERMSRV/WS01.INLANEFREIGHT.HTB","RestrictedKrbHost/WS01","HOST/WS01","RestrictedKrbHost/WS01.INLANEFREIGHT.HTB","HOST/WS01.INLANEFREIGHT.HTB"],"operatingsystem":"Windows Server 2019 Standard","sidhistory":[]},"PrimaryGroupSID":"S-1-5-21-307656423-3761733990-2565378310-515","AllowedToDelegate":[],"AllowedToAct":[],"HasSIDHistory":[],"Sessions":{"Results":[],"Collected":true,"FailureReason":null},"PrivilegedSessions":{"Results":[{"UserSID":"S-1-5-21-307656423-3761733990-2565378310-1609","ComputerSID":"S-1-5-21-307656423-3761733990-2565378310-1606"},{"UserSID":"S-1-5-21-307656423-3761733990-2565378310-1609","ComputerSID":"S-1-5-21-307656423-3761733990-2565378310-1606"}],"Collected":true,"FailureReason":null},"RegistrySessions":{"Results":[{"UserSID":"S-1-5-21-307656423-3761733990-2565378310-1609","ComputerSID":"S-1-5-21-307656423-3761733990-2565378310-1606"}],"Collected":true,"FailureReason":null},"LocalAdmins":{"Results":[{"ObjectIdentifier":"S-1-5-21-307656423-3761733990-2565378310-512","ObjectType":"Group"},{"ObjectIdentifier":"S-1-5-21-307656423-3761733990-2565378310-1609","ObjectType":"User"}],"Collected":true,"FailureReason":null},"RemoteDesktopUsers":{"Results":[{"ObjectIdentifier":"S-1-5-21-307656423-3761733990-2565378310-1609","ObjectType":"User"}],"Collected":true,"FailureReason":null},"DcomUsers":{"Results":[],"Collected":true,"FailureReason":null},"PSRemoteUsers":{"Results":[{"ObjectIdentifier":"S-1-5-21-307656423-3761733990-2565378310-1609","ObjectType":"User"}],"Collected":true,"FailureReason":null},"Status":null,"Aces":[{"PrincipalSID":"S-1-5-21-307656423-3761733990-2565378310-512","PrincipalType":"Group","RightName":"Owns","IsInherited":false},{"PrincipalSID":"INLANEFREIGHT.HTB-S-1-5-32-548","PrincipalType":"Group","RightName":"GenericAll","IsInherited":false},{"PrincipalSID":"S-1-5-21-307656423-3761733990-2565378310-512","PrincipalType":"Group","RightName":"GenericAll","IsInherited":false},{"PrincipalSID":"S-1-5-21-307656423-3761733990-2565378310-1627","PrincipalType":"User","RightName":"GenericAll","IsInherited":false},{"PrincipalSID":"S-1-5-21-307656423-3761733990-2565378310-526","PrincipalType":"Group","RightName":"AddKeyCredentialLink","IsInherited":true},{"PrincipalSID":"S-1-5-21-307656423-3761733990-2565378310-527","PrincipalType":"Group","RightName":"AddKeyCredentialLink","IsInherited":true},{"PrincipalSID":"S-1-5-21-307656423-3761733990-2565378310-1628","PrincipalType":"User","RightName":"WriteDacl","IsInherited":true},{"PrincipalSID":"S-1-5-21-307656423-3761733990-2565378310-1630","PrincipalType":"User","RightName":"WriteOwner","IsInherited":true},{"PrincipalSID":"S-1-5-21-307656423-3761733990-2565378310-519","PrincipalType":"Group","RightName":"GenericAll","IsInherited":true},{"PrincipalSID":"S-1-5-21-307656423-3761733990-2565378310-1627","PrincipalType":"User","RightName":"GenericAll","IsInherited":true},{"PrincipalSID":"INLANEFREIGHT.HTB-S-1-5-32-544","PrincipalType":"Group","RightName":"WriteDacl","IsInherited":true},{"PrincipalSID":"INLANEFREIGHT.HTB-S-1-5-32-544","PrincipalType":"Group","RightName":"WriteOwner","IsInherited":true},{"PrincipalSID":"INLANEFREIGHT.HTB-S-1-5-32-544","PrincipalType":"Group","RightName":"GenericWrite","IsInherited":true}],"ObjectIdentifier":"S-1-5-21-307656423-3761733990-2565378310-1606","IsDeleted":false,"IsACLProtected":false},{"Properties":{"domain":"INLANEFREIGHT.HTB","name":"SRV01.INLANEFREIGHT.HTB","distinguishedname":"CN=SRV01,OU=SERVERS,DC=INLANEFREIGHT,DC=HTB","domainsid":"S-1-5-21-307656423-3761733990-2565378310","highvalue":false,"samaccountname":"SRV01$","haslaps":false,"description":null,"whencreated":1672887554,"enabled":true,"unconstraineddelegation":false,"trustedtoauth":false,"lastlogon":1677321792,"lastlogontimestamp":1676914045,"pwdlastset":1675575145,"serviceprincipalnames":["WSMAN/SRV01","WSMAN/SRV01.INLANEFREIGHT.HTB","TERMSRV/SRV01","TERMSRV/SRV01.INLANEFREIGHT.HTB","RestrictedKrbHost/SRV01","HOST/SRV01","RestrictedKrbHost/SRV01.INLANEFREIGHT.HTB","HOST/SRV01.INLANEFREIGHT.HTB"],"operatingsystem":"Windows Server 2019 Standard","sidhistory":[]},"PrimaryGroupSID":"S-1-5-21-307656423-3761733990-2565378310-515","AllowedToDelegate":[],"AllowedToAct":[],"HasSIDHistory":[],"Sessions":{"Results":[],"Collected":true,"FailureReason":null},"PrivilegedSessions":{"Results":[],"Collected":true,"FailureReason":null},"RegistrySessions":{"Results":[],"Collected":true,"FailureReason":null},"LocalAdmins":{"Results":[{"ObjectIdentifier":"S-1-5-21-307656423-3761733990-2565378310-512","ObjectType":"Group"},{"ObjectIdentifier":"S-1-5-21-307656423-3761733990-2565378310-1622","ObjectType":"User"},{"ObjectIdentifier":"S-1-5-21-307656423-3761733990-2565378310-1609","ObjectType":"User"}],"Collected":true,"FailureReason":null},"RemoteDesktopUsers":{"Results":[{"ObjectIdentifier":"S-1-5-21-307656423-3761733990-2565378310-1621","ObjectType":"User"}],"Collected":true,"FailureReason":null},"DcomUsers":{"Results":[{"ObjectIdentifier":"S-1-5-21-307656423-3761733990-2565378310-1621","ObjectType":"User"}],"Collected":true,"FailureReason":null},"PSRemoteUsers":{"Results":[{"ObjectIdentifier":"S-1-5-21-307656423-3761733990-2565378310-1621","ObjectType":"User"}],"Collected":true,"FailureReason":null},"Status":null,"Aces":[{"PrincipalSID":"S-1-5-21-307656423-3761733990-2565378310-512","PrincipalType":"Group","RightName":"Owns","IsInherited":false},{"PrincipalSID":"INLANEFREIGHT.HTB-S-1-5-32-548","PrincipalType":"Group","RightName":"GenericAll","IsInherited":false},{"PrincipalSID":"S-1-5-21-307656423-3761733990-2565378310-512","PrincipalType":"Group","RightName":"GenericAll","IsInherited":false},{"PrincipalSID":"S-1-5-21-307656423-3761733990-2565378310-513","PrincipalType":"Group","RightName":"GenericWrite","IsInherited":false},{"PrincipalSID":"S-1-5-21-307656423-3761733990-2565378310-1627","PrincipalType":"User","RightName":"GenericAll","IsInherited":false},{"PrincipalSID":"S-1-5-21-307656423-3761733990-2565378310-1628","PrincipalType":"User","RightName":"WriteDacl","IsInherited":false},{"PrincipalSID":"S-1-5-21-307656423-3761733990-2565378310-1630","PrincipalType":"User","RightName":"WriteOwner","IsInherited":false},{"PrincipalSID":"S-1-5-21-307656423-3761733990-2565378310-1631","PrincipalType":"User","RightName":"GenericWrite","IsInherited":false},{"PrincipalSID":"S-1-5-21-307656423-3761733990-2565378310-1633","PrincipalType":"User","RightName":"AddKeyCredentialLink","IsInherited":false},{"PrincipalSID":"S-1-5-21-307656423-3761733990-2565378310-526","PrincipalType":"Group","RightName":"AddKeyCredentialLink","IsInherited":true},{"PrincipalSID":"S-1-5-21-307656423-3761733990-2565378310-527","PrincipalType":"Group","RightName":"AddKeyCredentialLink","IsInherited":true},{"PrincipalSID":"S-1-5-21-307656423-3761733990-2565378310-1628","PrincipalType":"User","RightName":"WriteDacl","IsInherited":true},{"PrincipalSID":"S-1-5-21-307656423-3761733990-2565378310-1630","PrincipalType":"User","RightName":"WriteOwner","IsInherited":true},{"PrincipalSID":"S-1-5-21-307656423-3761733990-2565378310-519","PrincipalType":"Group","RightName":"GenericAll","IsInherited":true},{"PrincipalSID":"S-1-5-21-307656423-3761733990-2565378310-1627","PrincipalType":"User","RightName":"GenericAll","IsInherited":true},{"PrincipalSID":"INLANEFREIGHT.HTB-S-1-5-32-544","PrincipalType":"Group","RightName":"WriteDacl","IsInherited":true},{"PrincipalSID":"INLANEFREIGHT.HTB-S-1-5-32-544","PrincipalType":"Group","RightName":"WriteOwner","IsInherited":true},{"PrincipalSID":"INLANEFREIGHT.HTB-S-1-5-32-544","PrincipalType":"Group","RightName":"GenericWrite","IsInherited":true}],"ObjectIdentifier":"S-1-5-21-307656423-3761733990-2565378310-1607","IsDeleted":false,"IsACLProtected":false},{"Properties":{"domain":"INLANEFREIGHT.HTB","name":"DC01.INLANEFREIGHT.HTB","distinguishedname":"CN=DC01,OU=DOMAIN CONTROLLERS,DC=INLANEFREIGHT,DC=HTB","domainsid":"S-1-5-21-307656423-3761733990-2565378310","highvalue":false,"samaccountname":"DC01$","haslaps":false,"description":null,"whencreated":1672886023,"enabled":true,"unconstraineddelegation":true,"trustedtoauth":false,"lastlogon":1677315448,"lastlogontimestamp":1677167944,"pwdlastset":1675551559,"serviceprincipalnames":["TERMSRV/DC01","TERMSRV/DC01.INLANEFREIGHT.HTB","Dfsr-12F9A27C-BF97-4787-9364-D31B6C55EB04/DC01.INLANEFREIGHT.HTB","ldap/DC01.INLANEFREIGHT.HTB/ForestDnsZones.INLANEFREIGHT.HTB","ldap/DC01.INLANEFREIGHT.HTB/DomainDnsZones.INLANEFREIGHT.HTB","DNS/DC01.INLANEFREIGHT.HTB","GC/DC01.INLANEFREIGHT.HTB/INLANEFREIGHT.HTB","RestrictedKrbHost/DC01.INLANEFREIGHT.HTB","RestrictedKrbHost/DC01","RPC/7855824d-7812-4ff8-a0f1-c7f77d25fd0e._msdcs.INLANEFREIGHT.HTB","HOST/DC01/INLANEFREIGHT","HOST/DC01.INLANEFREIGHT.HTB/INLANEFREIGHT","HOST/DC01","HOST/DC01.INLANEFREIGHT.HTB","HOST/DC01.INLANEFREIGHT.HTB/INLANEFREIGHT.HTB","E3514235-4B06-11D1-AB04-00C04FC2DCD2/7855824d-7812-4ff8-a0f1-c7f77d25fd0e/INLANEFREIGHT.HTB","ldap/DC01/INLANEFREIGHT","ldap/7855824d-7812-4ff8-a0f1-c7f77d25fd0e._msdcs.INLANEFREIGHT.HTB","ldap/DC01.INLANEFREIGHT.HTB/INLANEFREIGHT","ldap/DC01","ldap/DC01.INLANEFREIGHT.HTB","ldap/DC01.INLANEFREIGHT.HTB/INLANEFREIGHT.HTB"],"operatingsystem":"Windows Server 2019 Standard","sidhistory":[]},"PrimaryGroupSID":"S-1-5-21-307656423-3761733990-2565378310-516","AllowedToDelegate":[],"AllowedToAct":[],"HasSIDHistory":[],"Sessions":{"Results":[],"Collected":false,"FailureReason":"ERROR_ACCESS_DENIED"},"PrivilegedSessions":{"Results":[],"Collected":false,"FailureReason":"ERROR_ACCESS_DENIED"},"RegistrySessions":{"Results":[{"UserSID":"S-1-5-21-307656423-3761733990-2565378310-1608","ComputerSID":"S-1-5-21-307656423-3761733990-2565378310-1002"}],"Collected":true,"FailureReason":null},"LocalAdmins":{"Results":[{"ObjectIdentifier":"S-1-5-21-307656423-3761733990-2565378310-500","ObjectType":"User"},{"ObjectIdentifier":"S-1-5-21-307656423-3761733990-2565378310-519","ObjectType":"Group"},{"ObjectIdentifier":"S-1-5-21-307656423-3761733990-2565378310-512","ObjectType":"Group"}],"Collected":true,"FailureReason":null},"RemoteDesktopUsers":{"Results":[],"Collected":true,"FailureReason":null},"DcomUsers":{"Results":[],"Collected":true,"FailureReason":null},"PSRemoteUsers":{"Results":[],"Collected":true,"FailureReason":null},"Status":null,"Aces":[{"PrincipalSID":"S-1-5-21-307656423-3761733990-2565378310-512","PrincipalType":"Group","RightName":"Owns","IsInherited":false},{"PrincipalSID":"S-1-5-21-307656423-3761733990-2565378310-512","PrincipalType":"Group","RightName":"GenericAll","IsInherited":false},{"PrincipalSID":"S-1-5-21-307656423-3761733990-2565378310-1638","PrincipalType":"User","RightName":"AddAllowedToAct","IsInherited":false},{"PrincipalSID":"S-1-5-21-307656423-3761733990-2565378310-526","PrincipalType":"Group","RightName":"AddKeyCredentialLink","IsInherited":true},{"PrincipalSID":"S-1-5-21-307656423-3761733990-2565378310-527","PrincipalType":"Group","RightName":"AddKeyCredentialLink","IsInherited":true},{"PrincipalSID":"S-1-5-21-307656423-3761733990-2565378310-1628","PrincipalType":"User","RightName":"WriteDacl","IsInherited":true},{"PrincipalSID":"S-1-5-21-307656423-3761733990-2565378310-1630","PrincipalType":"User","RightName":"WriteOwner","IsInherited":true},{"PrincipalSID":"S-1-5-21-307656423-3761733990-2565378310-519","PrincipalType":"Group","RightName":"GenericAll","IsInherited":true},{"PrincipalSID":"S-1-5-21-307656423-3761733990-2565378310-1627","PrincipalType":"User","RightName":"GenericAll","IsInherited":true},{"PrincipalSID":"INLANEFREIGHT.HTB-S-1-5-32-544","PrincipalType":"Group","RightName":"WriteDacl","IsInherited":true},{"PrincipalSID":"INLANEFREIGHT.HTB-S-1-5-32-544","PrincipalType":"Group","RightName":"WriteOwner","IsInherited":true},{"PrincipalSID":"INLANEFREIGHT.HTB-S-1-5-32-544","PrincipalType":"Group","RightName":"GenericWrite","IsInherited":true}],"ObjectIdentifier":"S-1-5-21-307656423-3761733990-2565378310-1002","IsDeleted":false,"IsACLProtected":false},{"Properties":{"domain":"INLANEFREIGHT.HTB","name":"LAPS01.INLANEFREIGHT.HTB","distinguishedname":"CN=LAPS01,OU=LAPS_PC,DC=INLANEFREIGHT,DC=HTB","domainsid":"S-1-5-21-307656423-3761733990-2565378310","highvalue":false,"samaccountname":"LAPS01$","haslaps":false,"description":null,"whencreated":1677215573,"enabled":true,"unconstraineddelegation":false,"trustedtoauth":false,"lastlogon":0,"lastlogontimestamp":-1,"pwdlastset":1677237173,"serviceprincipalnames":[],"operatingsystem":null,"sidhistory":[]},"PrimaryGroupSID":"S-1-5-21-307656423-3761733990-2565378310-515","AllowedToDelegate":[],"AllowedToAct":[],"HasSIDHistory":[],"Sessions":{"Results":[],"Collected":false,"FailureReason":null},"PrivilegedSessions":{"Results":[],"Collected":false,"FailureReason":null},"RegistrySessions":{"Results":[],"Collected":false,"FailureReason":null},"LocalAdmins":{"Results":[],"Collected":false,"FailureReason":null},"RemoteDesktopUsers":{"Results":[],"Collected":false,"FailureReason":null},"DcomUsers":{"Results":[],"Collected":false,"FailureReason":null},"PSRemoteUsers":{"Results":[],"Collected":false,"FailureReason":null},"Status":null,"Aces":[{"PrincipalSID":"S-1-5-21-307656423-3761733990-2565378310-512","PrincipalType":"Group","RightName":"Owns","IsInherited":false},{"PrincipalSID":"INLANEFREIGHT.HTB-S-1-5-32-548","PrincipalType":"Group","RightName":"GenericAll","IsInherited":false},{"PrincipalSID":"S-1-5-21-307656423-3761733990-2565378310-512","PrincipalType":"Group","RightName":"GenericAll","IsInherited":false},{"PrincipalSID":"S-1-5-21-307656423-3761733990-2565378310-1634","PrincipalType":"User","RightName":"GenericWrite","IsInherited":false},{"PrincipalSID":"S-1-5-21-307656423-3761733990-2565378310-526","PrincipalType":"Group","RightName":"AddKeyCredentialLink","IsInherited":true},{"PrincipalSID":"S-1-5-21-307656423-3761733990-2565378310-527","PrincipalType":"Group","RightName":"AddKeyCredentialLink","IsInherited":true},{"PrincipalSID":"S-1-5-21-307656423-3761733990-2565378310-1628","PrincipalType":"User","RightName":"WriteDacl","IsInherited":true},{"PrincipalSID":"S-1-5-21-307656423-3761733990-2565378310-1630","PrincipalType":"User","RightName":"WriteOwner","IsInherited":true},{"PrincipalSID":"S-1-5-21-307656423-3761733990-2565378310-519","PrincipalType":"Group","RightName":"GenericAll","IsInherited":true},{"PrincipalSID":"S-1-5-21-307656423-3761733990-2565378310-1627","PrincipalType":"User","RightName":"GenericAll","IsInherited":true},{"PrincipalSID":"INLANEFREIGHT.HTB-S-1-5-32-544","PrincipalType":"Group","RightName":"WriteDacl","IsInherited":true},{"PrincipalSID":"INLANEFREIGHT.HTB-S-1-5-32-544","PrincipalType":"Group","RightName":"WriteOwner","IsInherited":true},{"PrincipalSID":"INLANEFREIGHT.HTB-S-1-5-32-544","PrincipalType":"Group","RightName":"GenericWrite","IsInherited":true}],"ObjectIdentifier":"S-1-5-21-307656423-3761733990-2565378310-1645","IsDeleted":false,"IsACLProtected":false},{"Properties":{"domain":"INLANEFREIGHT.HTB","name":"LAPS02.INLANEFREIGHT.HTB","distinguishedname":"CN=LAPS02,OU=LAPS_PC,DC=INLANEFREIGHT,DC=HTB","domainsid":"S-1-5-21-307656423-3761733990-2565378310","highvalue":false,"samaccountname":"LAPS02$","haslaps":false,"description":null,"whencreated":1677215582,"enabled":true,"unconstraineddelegation":false,"trustedtoauth":false,"lastlogon":0,"lastlogontimestamp":-1,"pwdlastset":1677237182,"serviceprincipalnames":[],"operatingsystem":null,"sidhistory":[]},"PrimaryGroupSID":"S-1-5-21-307656423-3761733990-2565378310-515","AllowedToDelegate":[],"AllowedToAct":[],"HasSIDHistory":[],"Sessions":{"Results":[],"Collected":false,"FailureReason":null},"PrivilegedSessions":{"Results":[],"Collected":false,"FailureReason":null},"RegistrySessions":{"Results":[],"Collected":false,"FailureReason":null},"LocalAdmins":{"Results":[],"Collected":false,"FailureReason":null},"RemoteDesktopUsers":{"Results":[],"Collected":false,"FailureReason":null},"DcomUsers":{"Results":[],"Collected":false,"FailureReason":null},"PSRemoteUsers":{"Results":[],"Collected":false,"FailureReason":null},"Status":null,"Aces":[{"PrincipalSID":"S-1-5-21-307656423-3761733990-2565378310-512","PrincipalType":"Group","RightName":"Owns","IsInherited":false},{"PrincipalSID":"INLANEFREIGHT.HTB-S-1-5-32-548","PrincipalType":"Group","RightName":"GenericAll","IsInherited":false},{"PrincipalSID":"S-1-5-21-307656423-3761733990-2565378310-512","PrincipalType":"Group","RightName":"GenericAll","IsInherited":false},{"PrincipalSID":"S-1-5-21-307656423-3761733990-2565378310-526","PrincipalType":"Group","RightName":"AddKeyCredentialLink","IsInherited":true},{"PrincipalSID":"S-1-5-21-307656423-3761733990-2565378310-527","PrincipalType":"Group","RightName":"AddKeyCredentialLink","IsInherited":true},{"PrincipalSID":"S-1-5-21-307656423-3761733990-2565378310-1628","PrincipalType":"User","RightName":"WriteDacl","IsInherited":true},{"PrincipalSID":"S-1-5-21-307656423-3761733990-2565378310-1630","PrincipalType":"User","RightName":"WriteOwner","IsInherited":true},{"PrincipalSID":"S-1-5-21-307656423-3761733990-2565378310-519","PrincipalType":"Group","RightName":"GenericAll","IsInherited":true},{"PrincipalSID":"S-1-5-21-307656423-3761733990-2565378310-1627","PrincipalType":"User","RightName":"GenericAll","IsInherited":true},{"PrincipalSID":"INLANEFREIGHT.HTB-S-1-5-32-544","PrincipalType":"Group","RightName":"WriteDacl","IsInherited":true},{"PrincipalSID":"INLANEFREIGHT.HTB-S-1-5-32-544","PrincipalType":"Group","RightName":"WriteOwner","IsInherited":true},{"PrincipalSID":"INLANEFREIGHT.HTB-S-1-5-32-544","PrincipalType":"Group","RightName":"GenericWrite","IsInherited":true}],"ObjectIdentifier":"S-1-5-21-307656423-3761733990-2565378310-1646","IsDeleted":false,"IsACLProtected":false},{"Properties":{"domain":"INLANEFREIGHT.HTB","name":"LAPS03.INLANEFREIGHT.HTB","distinguishedname":"CN=LAPS03,OU=LAPS_PC,DC=INLANEFREIGHT,DC=HTB","domainsid":"S-1-5-21-307656423-3761733990-2565378310","highvalue":false,"samaccountname":"LAPS03$","haslaps":false,"description":null,"whencreated":1677215583,"enabled":true,"unconstraineddelegation":false,"trustedtoauth":false,"lastlogon":0,"lastlogontimestamp":-1,"pwdlastset":1677237183,"serviceprincipalnames":[],"operatingsystem":null,"sidhistory":[]},"PrimaryGroupSID":"S-1-5-21-307656423-3761733990-2565378310-515","AllowedToDelegate":[],"AllowedToAct":[],"HasSIDHistory":[],"Sessions":{"Results":[],"Collected":false,"FailureReason":null},"PrivilegedSessions":{"Results":[],"Collected":false,"FailureReason":null},"RegistrySessions":{"Results":[],"Collected":false,"FailureReason":null},"LocalAdmins":{"Results":[],"Collected":false,"FailureReason":null},"RemoteDesktopUsers":{"Results":[],"Collected":false,"FailureReason":null},"DcomUsers":{"Results":[],"Collected":false,"FailureReason":null},"PSRemoteUsers":{"Results":[],"Collected":false,"FailureReason":null},"Status":null,"Aces":[{"PrincipalSID":"S-1-5-21-307656423-3761733990-2565378310-512","PrincipalType":"Group","RightName":"Owns","IsInherited":false},{"PrincipalSID":"INLANEFREIGHT.HTB-S-1-5-32-548","PrincipalType":"Group","RightName":"GenericAll","IsInherited":false},{"PrincipalSID":"S-1-5-21-307656423-3761733990-2565378310-512","PrincipalType":"Group","RightName":"GenericAll","IsInherited":false},{"PrincipalSID":"S-1-5-21-307656423-3761733990-2565378310-526","PrincipalType":"Group","RightName":"AddKeyCredentialLink","IsInherited":true},{"PrincipalSID":"S-1-5-21-307656423-3761733990-2565378310-527","PrincipalType":"Group","RightName":"AddKeyCredentialLink","IsInherited":true},{"PrincipalSID":"S-1-5-21-307656423-3761733990-2565378310-1628","PrincipalType":"User","RightName":"WriteDacl","IsInherited":true},{"PrincipalSID":"S-1-5-21-307656423-3761733990-2565378310-1630","PrincipalType":"User","RightName":"WriteOwner","IsInherited":true},{"PrincipalSID":"S-1-5-21-307656423-3761733990-2565378310-519","PrincipalType":"Group","RightName":"GenericAll","IsInherited":true},{"PrincipalSID":"S-1-5-21-307656423-3761733990-2565378310-1627","PrincipalType":"User","RightName":"GenericAll","IsInherited":true},{"PrincipalSID":"INLANEFREIGHT.HTB-S-1-5-32-544","PrincipalType":"Group","RightName":"WriteDacl","IsInherited":true},{"PrincipalSID":"INLANEFREIGHT.HTB-S-1-5-32-544","PrincipalType":"Group","RightName":"WriteOwner","IsInherited":true},{"PrincipalSID":"INLANEFREIGHT.HTB-S-1-5-32-544","PrincipalType":"Group","RightName":"GenericWrite","IsInherited":true}],"ObjectIdentifier":"S-1-5-21-307656423-3761733990-2565378310-1647","IsDeleted":false,"IsACLProtected":false},{"Properties":{"domain":"INLANEFREIGHT.HTB","name":"LAPS04.INLANEFREIGHT.HTB","distinguishedname":"CN=LAPS04,OU=LAPS_PC,DC=INLANEFREIGHT,DC=HTB","domainsid":"S-1-5-21-307656423-3761733990-2565378310","highvalue":false,"samaccountname":"LAPS04$","haslaps":false,"description":null,"whencreated":1677215583,"enabled":true,"unconstraineddelegation":false,"trustedtoauth":false,"lastlogon":0,"lastlogontimestamp":-1,"pwdlastset":1677237183,"serviceprincipalnames":[],"operatingsystem":null,"sidhistory":[]},"PrimaryGroupSID":"S-1-5-21-307656423-3761733990-2565378310-515","AllowedToDelegate":[],"AllowedToAct":[],"HasSIDHistory":[],"Sessions":{"Results":[],"Collected":false,"FailureReason":null},"PrivilegedSessions":{"Results":[],"Collected":false,"FailureReason":null},"RegistrySessions":{"Results":[],"Collected":false,"FailureReason":null},"LocalAdmins":{"Results":[],"Collected":false,"FailureReason":null},"RemoteDesktopUsers":{"Results":[],"Collected":false,"FailureReason":null},"DcomUsers":{"Results":[],"Collected":false,"FailureReason":null},"PSRemoteUsers":{"Results":[],"Collected":false,"FailureReason":null},"Status":null,"Aces":[{"PrincipalSID":"S-1-5-21-307656423-3761733990-2565378310-512","PrincipalType":"Group","RightName":"Owns","IsInherited":false},{"PrincipalSID":"INLANEFREIGHT.HTB-S-1-5-32-548","PrincipalType":"Group","RightName":"GenericAll","IsInherited":false},{"PrincipalSID":"S-1-5-21-307656423-3761733990-2565378310-512","PrincipalType":"Group","RightName":"GenericAll","IsInherited":false},{"PrincipalSID":"S-1-5-21-307656423-3761733990-2565378310-526","PrincipalType":"Group","RightName":"AddKeyCredentialLink","IsInherited":true},{"PrincipalSID":"S-1-5-21-307656423-3761733990-2565378310-527","PrincipalType":"Group","RightName":"AddKeyCredentialLink","IsInherited":true},{"PrincipalSID":"S-1-5-21-307656423-3761733990-2565378310-1628","PrincipalType":"User","RightName":"WriteDacl","IsInherited":true},{"PrincipalSID":"S-1-5-21-307656423-3761733990-2565378310-1630","PrincipalType":"User","RightName":"WriteOwner","IsInherited":true},{"PrincipalSID":"S-1-5-21-307656423-3761733990-2565378310-519","PrincipalType":"Group","RightName":"GenericAll","IsInherited":true},{"PrincipalSID":"S-1-5-21-307656423-3761733990-2565378310-1627","PrincipalType":"User","RightName":"GenericAll","IsInherited":true},{"PrincipalSID":"INLANEFREIGHT.HTB-S-1-5-32-544","PrincipalType":"Group","RightName":"WriteDacl","IsInherited":true},{"PrincipalSID":"INLANEFREIGHT.HTB-S-1-5-32-544","PrincipalType":"Group","RightName":"WriteOwner","IsInherited":true},{"PrincipalSID":"INLANEFREIGHT.HTB-S-1-5-32-544","PrincipalType":"Group","RightName":"GenericWrite","IsInherited":true}],"ObjectIdentifier":"S-1-5-21-307656423-3761733990-2565378310-1648","IsDeleted":false,"IsACLProtected":false}],"meta":{"methods":29695,"type":"computers","count":7,"version":5}}