﻿{"data":[{"Properties":{"domain":"INLANEFREIGHT.HTB","name":"WMIGPO@INLANEFREIGHT.HTB","distinguishedname":"CN=WMIGPO,CN=WMIPOLICY,CN=SYSTEM,DC=INLANEFREIGHT,DC=HTB","domainsid":"S-1-5-21-307656423-3761733990-2565378310","highvalue":false},"ChildObjects":[],"Aces":[{"PrincipalSID":"S-1-5-21-307656423-3761733990-2565378310-512","PrincipalType":"Group","RightName":"Owns","IsInherited":false},{"PrincipalSID":"S-1-5-21-307656423-3761733990-2565378310-512","PrincipalType":"Group","RightName":"WriteDacl","IsInherited":false},{"PrincipalSID":"S-1-5-21-307656423-3761733990-2565378310-512","PrincipalType":"Group","RightName":"WriteOwner","IsInherited":false},{"PrincipalSID":"S-1-5-21-307656423-3761733990-2565378310-519","PrincipalType":"Group","RightName":"GenericAll","IsInherited":true},{"PrincipalSID":"S-1-5-21-307656423-3761733990-2565378310-512","PrincipalType":"Group","RightName":"GenericAll","IsInherited":true}],"ObjectIdentifier":"1FAF9AA1-12B2-436E-B311-4DDC8FE72A89","IsDeleted":false,"IsACLProtected":false},{"Properties":{"domain":"INLANEFREIGHT.HTB","name":"WMIPOLICY@INLANEFREIGHT.HTB","distinguishedname":"CN=WMIPOLICY,CN=SYSTEM,DC=INLANEFREIGHT,DC=HTB","domainsid":"S-1-5-21-307656423-3761733990-2565378310","highvalue":false},"ChildObjects":[],"Aces":[{"PrincipalSID":"S-1-5-21-307656423-3761733990-2565378310-512","PrincipalType":"Group","RightName":"Owns","IsInherited":false},{"PrincipalSID":"S-1-5-21-307656423-3761733990-2565378310-512","PrincipalType":"Group","RightName":"GenericAll","IsInherited":false},{"PrincipalSID":"S-1-5-21-307656423-3761733990-2565378310-519","PrincipalType":"Group","RightName":"GenericAll","IsInherited":false}],"ObjectIdentifier":"319234E5-EA51-4470-9AE9-41312651D947","IsDeleted":false,"IsACLProtected":true},{"Properties":{"domain":"INLANEFREIGHT.HTB","name":"SOM@INLANEFREIGHT.HTB","distinguishedname":"CN=SOM,CN=WMIPOLICY,CN=SYSTEM,DC=INLANEFREIGHT,DC=HTB","domainsid":"S-1-5-21-307656423-3761733990-2565378310","highvalue":false},"ChildObjects":[],"Aces":[{"PrincipalSID":"S-1-5-21-307656423-3761733990-2565378310-512","PrincipalType":"Group","RightName":"Owns","IsInherited":false},{"PrincipalSID":"S-1-5-21-307656423-3761733990-2565378310-512","PrincipalType":"Group","RightName":"GenericAll","IsInherited":false},{"PrincipalSID":"S-1-5-21-307656423-3761733990-2565378310-519","PrincipalType":"Group","RightName":"GenericAll","IsInherited":false}],"ObjectIdentifier":"63A31C20-943C-422B-9538-06FC28E2D55B","IsDeleted":false,"IsACLProtected":true},{"Properties":{"domain":"INLANEFREIGHT.HTB","name":"POLICYTEMPLATE@INLANEFREIGHT.HTB","distinguishedname":"CN=POLICYTEMPLATE,CN=WMIPOLICY,CN=SYSTEM,DC=INLANEFREIGHT,DC=HTB","domainsid":"S-1-5-21-307656423-3761733990-2565378310","highvalue":false},"ChildObjects":[],"Aces":[{"PrincipalSID":"S-1-5-21-307656423-3761733990-2565378310-512","PrincipalType":"Group","RightName":"Owns","IsInherited":false},{"PrincipalSID":"S-1-5-21-307656423-3761733990-2565378310-512","PrincipalType":"Group","RightName":"WriteDacl","IsInherited":false},{"PrincipalSID":"S-1-5-21-307656423-3761733990-2565378310-512","PrincipalType":"Group","RightName":"WriteOwner","IsInherited":false},{"PrincipalSID":"S-1-5-21-307656423-3761733990-2565378310-519","PrincipalType":"Group","RightName":"GenericAll","IsInherited":true},{"PrincipalSID":"S-1-5-21-307656423-3761733990-2565378310-512","PrincipalType":"Group","RightName":"GenericAll","IsInherited":true}],"ObjectIdentifier":"57C19F26-96C8-43F5-800B-BA0BDC9D2D17","IsDeleted":false,"IsACLProtected":false},{"Properties":{"domain":"INLANEFREIGHT.HTB","name":"POLICYTYPE@INLANEFREIGHT.HTB","distinguishedname":"CN=POLICYTYPE,CN=WMIPOLICY,CN=SYSTEM,DC=INLANEFREIGHT,DC=HTB","domainsid":"S-1-5-21-307656423-3761733990-2565378310","highvalue":false},"ChildObjects":[],"Aces":[{"PrincipalSID":"S-1-5-21-307656423-3761733990-2565378310-512","PrincipalType":"Group","RightName":"Owns","IsInherited":false},{"PrincipalSID":"S-1-5-21-307656423-3761733990-2565378310-512","PrincipalType":"Group","RightName":"WriteDacl","IsInherited":false},{"PrincipalSID":"S-1-5-21-307656423-3761733990-2565378310-512","PrincipalType":"Group","RightName":"WriteOwner","IsInherited":false},{"PrincipalSID":"S-1-5-21-307656423-3761733990-2565378310-519","PrincipalType":"Group","RightName":"GenericAll","IsInherited":true},{"PrincipalSID":"S-1-5-21-307656423-3761733990-2565378310-512","PrincipalType":"Group","RightName":"GenericAll","IsInherited":true}],"ObjectIdentifier":"F3672628-A2F5-486C-B0A7-931646D7DE5D","IsDeleted":false,"IsACLProtected":false},{"Properties":{"domain":"INLANEFREIGHT.HTB","name":"MEETINGS@INLANEFREIGHT.HTB","distinguishedname":"CN=MEETINGS,CN=SYSTEM,DC=INLANEFREIGHT,DC=HTB","domainsid":"S-1-5-21-307656423-3761733990-2565378310","highvalue":false},"ChildObjects":[],"Aces":[{"PrincipalSID":"S-1-5-21-307656423-3761733990-2565378310-512","PrincipalType":"Group","RightName":"Owns","IsInherited":false},{"PrincipalSID":"S-1-5-21-307656423-3761733990-2565378310-512","PrincipalType":"Group","RightName":"WriteDacl","IsInherited":false},{"PrincipalSID":"S-1-5-21-307656423-3761733990-2565378310-512","PrincipalType":"Group","RightName":"WriteOwner","IsInherited":false},{"PrincipalSID":"S-1-5-21-307656423-3761733990-2565378310-1628","PrincipalType":"User","RightName":"WriteDacl","IsInherited":true},{"PrincipalSID":"S-1-5-21-307656423-3761733990-2565378310-1630","PrincipalType":"User","RightName":"WriteOwner","IsInherited":true},{"PrincipalSID":"S-1-5-21-307656423-3761733990-2565378310-519","PrincipalType":"Group","RightName":"GenericAll","IsInherited":true},{"PrincipalSID":"S-1-5-21-307656423-3761733990-2565378310-1627","PrincipalType":"User","RightName":"GenericAll","IsInherited":true},{"PrincipalSID":"INLANEFREIGHT.HTB-S-1-5-32-544","PrincipalType":"Group","RightName":"WriteDacl","IsInherited":true},{"PrincipalSID":"INLANEFREIGHT.HTB-S-1-5-32-544","PrincipalType":"Group","RightName":"WriteOwner","IsInherited":true}],"ObjectIdentifier":"E33CF4BA-6DF3-423E-8D93-1FCAAD41753F","IsDeleted":false,"IsACLProtected":false},{"Properties":{"domain":"INLANEFREIGHT.HTB","name":"POLICIES@INLANEFREIGHT.HTB","distinguishedname":"CN=POLICIES,CN=SYSTEM,DC=INLANEFREIGHT,DC=HTB","domainsid":"S-1-5-21-307656423-3761733990-2565378310","highvalue":false},"ChildObjects":[],"Aces":[{"PrincipalSID":"S-1-5-21-307656423-3761733990-2565378310-512","PrincipalType":"Group","RightName":"Owns","IsInherited":false},{"PrincipalSID":"S-1-5-21-307656423-3761733990-2565378310-512","PrincipalType":"Group","RightName":"WriteDacl","IsInherited":false},{"PrincipalSID":"S-1-5-21-307656423-3761733990-2565378310-512","PrincipalType":"Group","RightName":"WriteOwner","IsInherited":false},{"PrincipalSID":"S-1-5-21-307656423-3761733990-2565378310-1628","PrincipalType":"User","RightName":"WriteDacl","IsInherited":true},{"PrincipalSID":"S-1-5-21-307656423-3761733990-2565378310-1630","PrincipalType":"User","RightName":"WriteOwner","IsInherited":true},{"PrincipalSID":"S-1-5-21-307656423-3761733990-2565378310-519","PrincipalType":"Group","RightName":"GenericAll","IsInherited":true},{"PrincipalSID":"S-1-5-21-307656423-3761733990-2565378310-1627","PrincipalType":"User","RightName":"GenericAll","IsInherited":true},{"PrincipalSID":"INLANEFREIGHT.HTB-S-1-5-32-544","PrincipalType":"Group","RightName":"WriteDacl","IsInherited":true},{"PrincipalSID":"INLANEFREIGHT.HTB-S-1-5-32-544","PrincipalType":"Group","RightName":"WriteOwner","IsInherited":true}],"ObjectIdentifier":"8FBEED29-68F2-46CD-A7B1-D67A64F44B7E","IsDeleted":false,"IsACLProtected":false},{"Properties":{"domain":"INLANEFREIGHT.HTB","name":"PROGRAM DATA@INLANEFREIGHT.HTB","distinguishedname":"CN=PROGRAM DATA,DC=INLANEFREIGHT,DC=HTB","domainsid":"S-1-5-21-307656423-3761733990-2565378310","highvalue":false},"ChildObjects":[],"Aces":[{"PrincipalSID":"S-1-5-21-307656423-3761733990-2565378310-512","PrincipalType":"Group","RightName":"Owns","IsInherited":false},{"PrincipalSID":"S-1-5-21-307656423-3761733990-2565378310-512","PrincipalType":"Group","RightName":"GenericAll","IsInherited":false},{"PrincipalSID":"S-1-5-21-307656423-3761733990-2565378310-1628","PrincipalType":"User","RightName":"WriteDacl","IsInherited":true},{"PrincipalSID":"S-1-5-21-307656423-3761733990-2565378310-1630","PrincipalType":"User","RightName":"WriteOwner","IsInherited":true},{"PrincipalSID":"S-1-5-21-307656423-3761733990-2565378310-519","PrincipalType":"Group","RightName":"GenericAll","IsInherited":true},{"PrincipalSID":"S-1-5-21-307656423-3761733990-2565378310-1627","PrincipalType":"User","RightName":"GenericAll","IsInherited":true},{"PrincipalSID":"INLANEFREIGHT.HTB-S-1-5-32-544","PrincipalType":"Group","RightName":"WriteDacl","IsInherited":true},{"PrincipalSID":"INLANEFREIGHT.HTB-S-1-5-32-544","PrincipalType":"Group","RightName":"WriteOwner","IsInherited":true}],"ObjectIdentifier":"77720DC0-EE3F-4297-8150-15957EC62BD7","IsDeleted":false,"IsACLProtected":false},{"Properties":{"domain":"INLANEFREIGHT.HTB","name":"MANAGED SERVICE ACCOUNTS@INLANEFREIGHT.HTB","distinguishedname":"CN=MANAGED SERVICE ACCOUNTS,DC=INLANEFREIGHT,DC=HTB","domainsid":"S-1-5-21-307656423-3761733990-2565378310","highvalue":false},"ChildObjects":[{"ObjectIdentifier":"S-1-5-21-307656423-3761733990-2565378310-1649","ObjectType":"User"}],"Aces":[{"PrincipalSID":"S-1-5-21-307656423-3761733990-2565378310-512","PrincipalType":"Group","RightName":"Owns","IsInherited":false},{"PrincipalSID":"S-1-5-21-307656423-3761733990-2565378310-512","PrincipalType":"Group","RightName":"WriteDacl","IsInherited":false},{"PrincipalSID":"S-1-5-21-307656423-3761733990-2565378310-512","PrincipalType":"Group","RightName":"WriteOwner","IsInherited":false},{"PrincipalSID":"S-1-5-21-307656423-3761733990-2565378310-1628","PrincipalType":"User","RightName":"WriteDacl","IsInherited":true},{"PrincipalSID":"S-1-5-21-307656423-3761733990-2565378310-1630","PrincipalType":"User","RightName":"WriteOwner","IsInherited":true},{"PrincipalSID":"S-1-5-21-307656423-3761733990-2565378310-519","PrincipalType":"Group","RightName":"GenericAll","IsInherited":true},{"PrincipalSID":"S-1-5-21-307656423-3761733990-2565378310-1627","PrincipalType":"User","RightName":"GenericAll","IsInherited":true},{"PrincipalSID":"INLANEFREIGHT.HTB-S-1-5-32-544","PrincipalType":"Group","RightName":"WriteDacl","IsInherited":true},{"PrincipalSID":"INLANEFREIGHT.HTB-S-1-5-32-544","PrincipalType":"Group","RightName":"WriteOwner","IsInherited":true}],"ObjectIdentifier":"D858C099-03D8-42EF-BB5F-8628995DF259","IsDeleted":false,"IsACLProtected":false},{"Properties":{"domain":"INLANEFREIGHT.HTB","name":"RAS AND IAS SERVERS ACCESS CHECK@INLANEFREIGHT.HTB","distinguishedname":"CN=RAS AND IAS SERVERS ACCESS CHECK,CN=SYSTEM,DC=INLANEFREIGHT,DC=HTB","domainsid":"S-1-5-21-307656423-3761733990-2565378310","highvalue":false},"ChildObjects":[],"Aces":[{"PrincipalSID":"S-1-5-21-307656423-3761733990-2565378310-512","PrincipalType":"Group","RightName":"Owns","IsInherited":false},{"PrincipalSID":"S-1-5-21-307656423-3761733990-2565378310-553","PrincipalType":"Group","RightName":"WriteDacl","IsInherited":false},{"PrincipalSID":"S-1-5-21-307656423-3761733990-2565378310-553","PrincipalType":"Group","RightName":"WriteOwner","IsInherited":false},{"PrincipalSID":"S-1-5-21-307656423-3761733990-2565378310-1628","PrincipalType":"User","RightName":"WriteDacl","IsInherited":true},{"PrincipalSID":"S-1-5-21-307656423-3761733990-2565378310-1630","PrincipalType":"User","RightName":"WriteOwner","IsInherited":true},{"PrincipalSID":"S-1-5-21-307656423-3761733990-2565378310-519","PrincipalType":"Group","RightName":"GenericAll","IsInherited":true},{"PrincipalSID":"S-1-5-21-307656423-3761733990-2565378310-1627","PrincipalType":"User","RightName":"GenericAll","IsInherited":true},{"PrincipalSID":"INLANEFREIGHT.HTB-S-1-5-32-544","PrincipalType":"Group","RightName":"WriteDacl","IsInherited":true},{"PrincipalSID":"INLANEFREIGHT.HTB-S-1-5-32-544","PrincipalType":"Group","RightName":"WriteOwner","IsInherited":true}],"ObjectIdentifier":"7874A1B3-3B1E-41E4-A24B-5CFD0918FFBC","IsDeleted":false,"IsACLProtected":false},{"Properties":{"domain":"INLANEFREIGHT.HTB","name":"ADMINSDHOLDER@INLANEFREIGHT.HTB","distinguishedname":"CN=ADMINSDHOLDER,CN=SYSTEM,DC=INLANEFREIGHT,DC=HTB","domainsid":"S-1-5-21-307656423-3761733990-2565378310","highvalue":false},"ChildObjects":[],"Aces":[{"PrincipalSID":"S-1-5-21-307656423-3761733990-2565378310-512","PrincipalType":"Group","RightName":"Owns","IsInherited":false},{"PrincipalSID":"INLANEFREIGHT.HTB-S-1-5-32-544","PrincipalType":"Group","RightName":"WriteDacl","IsInherited":false},{"PrincipalSID":"INLANEFREIGHT.HTB-S-1-5-32-544","PrincipalType":"Group","RightName":"WriteOwner","IsInherited":false},{"PrincipalSID":"S-1-5-21-307656423-3761733990-2565378310-512","PrincipalType":"Group","RightName":"WriteDacl","IsInherited":false},{"PrincipalSID":"S-1-5-21-307656423-3761733990-2565378310-512","PrincipalType":"Group","RightName":"WriteOwner","IsInherited":false},{"PrincipalSID":"S-1-5-21-307656423-3761733990-2565378310-519","PrincipalType":"Group","RightName":"WriteDacl","IsInherited":false},{"PrincipalSID":"S-1-5-21-307656423-3761733990-2565378310-519","PrincipalType":"Group","RightName":"WriteOwner","IsInherited":false}],"ObjectIdentifier":"EDBE3482-7974-4460-9CB5-CC05A3F3F858","IsDeleted":false,"IsACLProtected":true},{"Properties":{"domain":"INLANEFREIGHT.HTB","name":"RPCSERVICES@INLANEFREIGHT.HTB","distinguishedname":"CN=RPCSERVICES,CN=SYSTEM,DC=INLANEFREIGHT,DC=HTB","domainsid":"S-1-5-21-307656423-3761733990-2565378310","highvalue":false},"ChildObjects":[],"Aces":[{"PrincipalSID":"S-1-5-21-307656423-3761733990-2565378310-512","PrincipalType":"Group","RightName":"Owns","IsInherited":false},{"PrincipalSID":"S-1-5-21-307656423-3761733990-2565378310-512","PrincipalType":"Group","RightName":"WriteDacl","IsInherited":false},{"PrincipalSID":"S-1-5-21-307656423-3761733990-2565378310-512","PrincipalType":"Group","RightName":"WriteOwner","IsInherited":false},{"PrincipalSID":"S-1-5-21-307656423-3761733990-2565378310-1628","PrincipalType":"User","RightName":"WriteDacl","IsInherited":true},{"PrincipalSID":"S-1-5-21-307656423-3761733990-2565378310-1630","PrincipalType":"User","RightName":"WriteOwner","IsInherited":true},{"PrincipalSID":"S-1-5-21-307656423-3761733990-2565378310-519","PrincipalType":"Group","RightName":"GenericAll","IsInherited":true},{"PrincipalSID":"S-1-5-21-307656423-3761733990-2565378310-1627","PrincipalType":"User","RightName":"GenericAll","IsInherited":true},{"PrincipalSID":"INLANEFREIGHT.HTB-S-1-5-32-544","PrincipalType":"Group","RightName":"WriteDacl","IsInherited":true},{"PrincipalSID":"INLANEFREIGHT.HTB-S-1-5-32-544","PrincipalType":"Group","RightName":"WriteOwner","IsInherited":true}],"ObjectIdentifier":"6A35F170-3369-4A68-B3EC-004A81AFE253","IsDeleted":false,"IsACLProtected":false},{"Properties":{"domain":"INLANEFREIGHT.HTB","name":"COMPUTERS@INLANEFREIGHT.HTB","distinguishedname":"CN=COMPUTERS,DC=INLANEFREIGHT,DC=HTB","domainsid":"S-1-5-21-307656423-3761733990-2565378310","highvalue":false},"ChildObjects":[],"Aces":[{"PrincipalSID":"S-1-5-21-307656423-3761733990-2565378310-512","PrincipalType":"Group","RightName":"Owns","IsInherited":false},{"PrincipalSID":"S-1-5-21-307656423-3761733990-2565378310-512","PrincipalType":"Group","RightName":"WriteDacl","IsInherited":false},{"PrincipalSID":"S-1-5-21-307656423-3761733990-2565378310-512","PrincipalType":"Group","RightName":"WriteOwner","IsInherited":false},{"PrincipalSID":"S-1-5-21-307656423-3761733990-2565378310-1628","PrincipalType":"User","RightName":"WriteDacl","IsInherited":true},{"PrincipalSID":"S-1-5-21-307656423-3761733990-2565378310-1630","PrincipalType":"User","RightName":"WriteOwner","IsInherited":true},{"PrincipalSID":"S-1-5-21-307656423-3761733990-2565378310-519","PrincipalType":"Group","RightName":"GenericAll","IsInherited":true},{"PrincipalSID":"S-1-5-21-307656423-3761733990-2565378310-1627","PrincipalType":"User","RightName":"GenericAll","IsInherited":true},{"PrincipalSID":"INLANEFREIGHT.HTB-S-1-5-32-544","PrincipalType":"Group","RightName":"WriteDacl","IsInherited":true},{"PrincipalSID":"INLANEFREIGHT.HTB-S-1-5-32-544","PrincipalType":"Group","RightName":"WriteOwner","IsInherited":true}],"ObjectIdentifier":"0F8E46A2-5C6B-423B-B987-8305D43E8989","IsDeleted":false,"IsACLProtected":false},{"Properties":{"domain":"INLANEFREIGHT.HTB","name":"MICROSOFT@INLANEFREIGHT.HTB","distinguishedname":"CN=MICROSOFT,CN=PROGRAM DATA,DC=INLANEFREIGHT,DC=HTB","domainsid":"S-1-5-21-307656423-3761733990-2565378310","highvalue":false},"ChildObjects":[],"Aces":[{"PrincipalSID":"S-1-5-21-307656423-3761733990-2565378310-512","PrincipalType":"Group","RightName":"Owns","IsInherited":false},{"PrincipalSID":"S-1-5-21-307656423-3761733990-2565378310-512","PrincipalType":"Group","RightName":"GenericAll","IsInherited":false},{"PrincipalSID":"S-1-5-21-307656423-3761733990-2565378310-1628","PrincipalType":"User","RightName":"WriteDacl","IsInherited":true},{"PrincipalSID":"S-1-5-21-307656423-3761733990-2565378310-1630","PrincipalType":"User","RightName":"WriteOwner","IsInherited":true},{"PrincipalSID":"S-1-5-21-307656423-3761733990-2565378310-519","PrincipalType":"Group","RightName":"GenericAll","IsInherited":true},{"PrincipalSID":"S-1-5-21-307656423-3761733990-2565378310-1627","PrincipalType":"User","RightName":"GenericAll","IsInherited":true},{"PrincipalSID":"INLANEFREIGHT.HTB-S-1-5-32-544","PrincipalType":"Group","RightName":"WriteDacl","IsInherited":true},{"PrincipalSID":"INLANEFREIGHT.HTB-S-1-5-32-544","PrincipalType":"Group","RightName":"WriteOwner","IsInherited":true}],"ObjectIdentifier":"56B30848-F019-4A74-A64C-5B4C5A9D0EA5","IsDeleted":false,"IsACLProtected":false},{"Properties":{"domain":"INLANEFREIGHT.HTB","name":"SYSTEM@INLANEFREIGHT.HTB","distinguishedname":"CN=SYSTEM,DC=INLANEFREIGHT,DC=HTB","domainsid":"S-1-5-21-307656423-3761733990-2565378310","highvalue":false},"ChildObjects":[],"Aces":[{"PrincipalSID":"S-1-5-21-307656423-3761733990-2565378310-512","PrincipalType":"Group","RightName":"Owns","IsInherited":false},{"PrincipalSID":"S-1-5-21-307656423-3761733990-2565378310-512","PrincipalType":"Group","RightName":"WriteDacl","IsInherited":false},{"PrincipalSID":"S-1-5-21-307656423-3761733990-2565378310-512","PrincipalType":"Group","RightName":"WriteOwner","IsInherited":false},{"PrincipalSID":"S-1-5-21-307656423-3761733990-2565378310-1628","PrincipalType":"User","RightName":"WriteDacl","IsInherited":true},{"PrincipalSID":"S-1-5-21-307656423-3761733990-2565378310-1630","PrincipalType":"User","RightName":"WriteOwner","IsInherited":true},{"PrincipalSID":"S-1-5-21-307656423-3761733990-2565378310-519","PrincipalType":"Group","RightName":"GenericAll","IsInherited":true},{"PrincipalSID":"S-1-5-21-307656423-3761733990-2565378310-1627","PrincipalType":"User","RightName":"GenericAll","IsInherited":true},{"PrincipalSID":"INLANEFREIGHT.HTB-S-1-5-32-544","PrincipalType":"Group","RightName":"WriteDacl","IsInherited":true},{"PrincipalSID":"INLANEFREIGHT.HTB-S-1-5-32-544","PrincipalType":"Group","RightName":"WriteOwner","IsInherited":true}],"ObjectIdentifier":"BC4AD99C-0DDA-4EF1-AA43-9503138AE397","IsDeleted":false,"IsACLProtected":false},{"Properties":{"domain":"INLANEFREIGHT.HTB","name":"FOREIGNSECURITYPRINCIPALS@INLANEFREIGHT.HTB","distinguishedname":"CN=FOREIGNSECURITYPRINCIPALS,DC=INLANEFREIGHT,DC=HTB","domainsid":"S-1-5-21-307656423-3761733990-2565378310","highvalue":false},"ChildObjects":[],"Aces":[{"PrincipalSID":"S-1-5-21-307656423-3761733990-2565378310-512","PrincipalType":"Group","RightName":"Owns","IsInherited":false},{"PrincipalSID":"S-1-5-21-307656423-3761733990-2565378310-512","PrincipalType":"Group","RightName":"GenericAll","IsInherited":false},{"PrincipalSID":"S-1-5-21-307656423-3761733990-2565378310-1628","PrincipalType":"User","RightName":"WriteDacl","IsInherited":true},{"PrincipalSID":"S-1-5-21-307656423-3761733990-2565378310-1630","PrincipalType":"User","RightName":"WriteOwner","IsInherited":true},{"PrincipalSID":"S-1-5-21-307656423-3761733990-2565378310-519","PrincipalType":"Group","RightName":"GenericAll","IsInherited":true},{"PrincipalSID":"S-1-5-21-307656423-3761733990-2565378310-1627","PrincipalType":"User","RightName":"GenericAll","IsInherited":true},{"PrincipalSID":"INLANEFREIGHT.HTB-S-1-5-32-544","PrincipalType":"Group","RightName":"WriteDacl","IsInherited":true},{"PrincipalSID":"INLANEFREIGHT.HTB-S-1-5-32-544","PrincipalType":"Group","RightName":"WriteOwner","IsInherited":true}],"ObjectIdentifier":"B7768E69-253C-477A-A458-FB100A6CB9CC","IsDeleted":false,"IsACLProtected":false},{"Properties":{"domain":"INLANEFREIGHT.HTB","name":"PSPS@INLANEFREIGHT.HTB","distinguishedname":"CN=PSPS,CN=SYSTEM,DC=INLANEFREIGHT,DC=HTB","domainsid":"S-1-5-21-307656423-3761733990-2565378310","highvalue":false},"ChildObjects":[],"Aces":[{"PrincipalSID":"S-1-5-21-307656423-3761733990-2565378310-512","PrincipalType":"Group","RightName":"Owns","IsInherited":false},{"PrincipalSID":"S-1-5-21-307656423-3761733990-2565378310-512","PrincipalType":"Group","RightName":"GenericAll","IsInherited":false},{"PrincipalSID":"S-1-5-21-307656423-3761733990-2565378310-1628","PrincipalType":"User","RightName":"WriteDacl","IsInherited":true},{"PrincipalSID":"S-1-5-21-307656423-3761733990-2565378310-1630","PrincipalType":"User","RightName":"WriteOwner","IsInherited":true},{"PrincipalSID":"S-1-5-21-307656423-3761733990-2565378310-519","PrincipalType":"Group","RightName":"GenericAll","IsInherited":true},{"PrincipalSID":"S-1-5-21-307656423-3761733990-2565378310-1627","PrincipalType":"User","RightName":"GenericAll","IsInherited":true},{"PrincipalSID":"INLANEFREIGHT.HTB-S-1-5-32-544","PrincipalType":"Group","RightName":"WriteDacl","IsInherited":true},{"PrincipalSID":"INLANEFREIGHT.HTB-S-1-5-32-544","PrincipalType":"Group","RightName":"WriteOwner","IsInherited":true}],"ObjectIdentifier":"93FF30C2-57BC-4AF4-808A-D99451BB69EA","IsDeleted":false,"IsACLProtected":false},{"Properties":{"domain":"INLANEFREIGHT.HTB","name":"WINSOCKSERVICES@INLANEFREIGHT.HTB","distinguishedname":"CN=WINSOCKSERVICES,CN=SYSTEM,DC=INLANEFREIGHT,DC=HTB","domainsid":"S-1-5-21-307656423-3761733990-2565378310","highvalue":false},"ChildObjects":[],"Aces":[{"PrincipalSID":"S-1-5-21-307656423-3761733990-2565378310-512","PrincipalType":"Group","RightName":"Owns","IsInherited":false},{"PrincipalSID":"S-1-5-21-307656423-3761733990-2565378310-512","PrincipalType":"Group","RightName":"WriteDacl","IsInherited":false},{"PrincipalSID":"S-1-5-21-307656423-3761733990-2565378310-512","PrincipalType":"Group","RightName":"WriteOwner","IsInherited":false},{"PrincipalSID":"S-1-5-21-307656423-3761733990-2565378310-1628","PrincipalType":"User","RightName":"WriteDacl","IsInherited":true},{"PrincipalSID":"S-1-5-21-307656423-3761733990-2565378310-1630","PrincipalType":"User","RightName":"WriteOwner","IsInherited":true},{"PrincipalSID":"S-1-5-21-307656423-3761733990-2565378310-519","PrincipalType":"Group","RightName":"GenericAll","IsInherited":true},{"PrincipalSID":"S-1-5-21-307656423-3761733990-2565378310-1627","PrincipalType":"User","RightName":"GenericAll","IsInherited":true},{"PrincipalSID":"INLANEFREIGHT.HTB-S-1-5-32-544","PrincipalType":"Group","RightName":"WriteDacl","IsInherited":true},{"PrincipalSID":"INLANEFREIGHT.HTB-S-1-5-32-544","PrincipalType":"Group","RightName":"WriteOwner","IsInherited":true}],"ObjectIdentifier":"81DE7BAF-23B3-4CA7-A3EC-A6038B2212F9","IsDeleted":false,"IsACLProtected":false},{"Properties":{"domain":"INLANEFREIGHT.HTB","name":"COMPARTITIONSETS@INLANEFREIGHT.HTB","distinguishedname":"CN=COMPARTITIONSETS,CN=SYSTEM,DC=INLANEFREIGHT,DC=HTB","domainsid":"S-1-5-21-307656423-3761733990-2565378310","highvalue":false},"ChildObjects":[],"Aces":[{"PrincipalSID":"S-1-5-21-307656423-3761733990-2565378310-512","PrincipalType":"Group","RightName":"Owns","IsInherited":false},{"PrincipalSID":"S-1-5-21-307656423-3761733990-2565378310-512","PrincipalType":"Group","RightName":"WriteDacl","IsInherited":false},{"PrincipalSID":"S-1-5-21-307656423-3761733990-2565378310-512","PrincipalType":"Group","RightName":"WriteOwner","IsInherited":false},{"PrincipalSID":"S-1-5-21-307656423-3761733990-2565378310-1628","PrincipalType":"User","RightName":"WriteDacl","IsInherited":true},{"PrincipalSID":"S-1-5-21-307656423-3761733990-2565378310-1630","PrincipalType":"User","RightName":"WriteOwner","IsInherited":true},{"PrincipalSID":"S-1-5-21-307656423-3761733990-2565378310-519","PrincipalType":"Group","RightName":"GenericAll","IsInherited":true},{"PrincipalSID":"S-1-5-21-307656423-3761733990-2565378310-1627","PrincipalType":"User","RightName":"GenericAll","IsInherited":true},{"PrincipalSID":"INLANEFREIGHT.HTB-S-1-5-32-544","PrincipalType":"Group","RightName":"WriteDacl","IsInherited":true},{"PrincipalSID":"INLANEFREIGHT.HTB-S-1-5-32-544","PrincipalType":"Group","RightName":"WriteOwner","IsInherited":true}],"ObjectIdentifier":"A4D7E3FC-487B-4A30-811E-32DA26B73A4A","IsDeleted":false,"IsACLProtected":false},{"Properties":{"domain":"INLANEFREIGHT.HTB","name":"COMPARTITIONS@INLANEFREIGHT.HTB","distinguishedname":"CN=COMPARTITIONS,CN=SYSTEM,DC=INLANEFREIGHT,DC=HTB","domainsid":"S-1-5-21-307656423-3761733990-2565378310","highvalue":false},"ChildObjects":[],"Aces":[{"PrincipalSID":"S-1-5-21-307656423-3761733990-2565378310-512","PrincipalType":"Group","RightName":"Owns","IsInherited":false},{"PrincipalSID":"S-1-5-21-307656423-3761733990-2565378310-512","PrincipalType":"Group","RightName":"WriteDacl","IsInherited":false},{"PrincipalSID":"S-1-5-21-307656423-3761733990-2565378310-512","PrincipalType":"Group","RightName":"WriteOwner","IsInherited":false},{"PrincipalSID":"S-1-5-21-307656423-3761733990-2565378310-1628","PrincipalType":"User","RightName":"WriteDacl","IsInherited":true},{"PrincipalSID":"S-1-5-21-307656423-3761733990-2565378310-1630","PrincipalType":"User","RightName":"WriteOwner","IsInherited":true},{"PrincipalSID":"S-1-5-21-307656423-3761733990-2565378310-519","PrincipalType":"Group","RightName":"GenericAll","IsInherited":true},{"PrincipalSID":"S-1-5-21-307656423-3761733990-2565378310-1627","PrincipalType":"User","RightName":"GenericAll","IsInherited":true},{"PrincipalSID":"INLANEFREIGHT.HTB-S-1-5-32-544","PrincipalType":"Group","RightName":"WriteDacl","IsInherited":true},{"PrincipalSID":"INLANEFREIGHT.HTB-S-1-5-32-544","PrincipalType":"Group","RightName":"WriteOwner","IsInherited":true}],"ObjectIdentifier":"F31F6543-3A91-4EA0-B57C-4DE82BECC94F","IsDeleted":false,"IsACLProtected":false},{"Properties":{"domain":"INLANEFREIGHT.HTB","name":"USERS@INLANEFREIGHT.HTB","distinguishedname":"CN=USERS,DC=INLANEFREIGHT,DC=HTB","domainsid":"S-1-5-21-307656423-3761733990-2565378310","highvalue":false},"ChildObjects":[{"ObjectIdentifier":"S-1-5-21-307656423-3761733990-2565378310-500","ObjectType":"User"},{"ObjectIdentifier":"S-1-5-21-307656423-3761733990-2565378310-1637","ObjectType":"User"},{"ObjectIdentifier":"S-1-5-21-307656423-3761733990-2565378310-1626","ObjectType":"User"},{"ObjectIdentifier":"S-1-5-21-307656423-3761733990-2565378310-571","ObjectType":"Group"},{"ObjectIdentifier":"S-1-5-21-307656423-3761733990-2565378310-1628","ObjectType":"User"},{"ObjectIdentifier":"S-1-5-21-307656423-3761733990-2565378310-517","ObjectType":"Group"},{"ObjectIdentifier":"S-1-5-21-307656423-3761733990-2565378310-1634","ObjectType":"User"},{"ObjectIdentifier":"S-1-5-21-307656423-3761733990-2565378310-1629","ObjectType":"User"},{"ObjectIdentifier":"S-1-5-21-307656423-3761733990-2565378310-522","ObjectType":"Group"},{"ObjectIdentifier":"S-1-5-21-307656423-3761733990-2565378310-1633","ObjectType":"User"},{"ObjectIdentifier":"S-1-5-21-307656423-3761733990-2565378310-1612","ObjectType":"User"},{"ObjectIdentifier":"S-1-5-21-307656423-3761733990-2565378310-572","ObjectType":"Group"},{"ObjectIdentifier":"S-1-5-21-307656423-3761733990-2565378310-1103","ObjectType":"Group"},{"ObjectIdentifier":"S-1-5-21-307656423-3761733990-2565378310-1104","ObjectType":"Group"},{"ObjectIdentifier":"S-1-5-21-307656423-3761733990-2565378310-512","ObjectType":"Group"},{"ObjectIdentifier":"S-1-5-21-307656423-3761733990-2565378310-515","ObjectType":"Group"},{"ObjectIdentifier":"S-1-5-21-307656423-3761733990-2565378310-516","ObjectType":"Group"},{"ObjectIdentifier":"S-1-5-21-307656423-3761733990-2565378310-514","ObjectType":"Group"},{"ObjectIdentifier":"S-1-5-21-307656423-3761733990-2565378310-513","ObjectType":"Group"},{"ObjectIdentifier":"S-1-5-21-307656423-3761733990-2565378310-1632","ObjectType":"User"},{"ObjectIdentifier":"S-1-5-21-307656423-3761733990-2565378310-1636","ObjectType":"User"},{"ObjectIdentifier":"S-1-5-21-307656423-3761733990-2565378310-519","ObjectType":"Group"},{"ObjectIdentifier":"S-1-5-21-307656423-3761733990-2565378310-527","ObjectType":"Group"},{"ObjectIdentifier":"S-1-5-21-307656423-3761733990-2565378310-498","ObjectType":"Group"},{"ObjectIdentifier":"S-1-5-21-307656423-3761733990-2565378310-1625","ObjectType":"User"},{"ObjectIdentifier":"S-1-5-21-307656423-3761733990-2565378310-1644","ObjectType":"Group"},{"ObjectIdentifier":"S-1-5-21-307656423-3761733990-2565378310-1635","ObjectType":"User"},{"ObjectIdentifier":"S-1-5-21-307656423-3761733990-2565378310-1638","ObjectType":"User"},{"ObjectIdentifier":"S-1-5-21-307656423-3761733990-2565378310-1619","ObjectType":"User"},{"ObjectIdentifier":"S-1-5-21-307656423-3761733990-2565378310-520","ObjectType":"Group"},{"ObjectIdentifier":"S-1-5-21-307656423-3761733990-2565378310-501","ObjectType":"User"},{"ObjectIdentifier":"S-1-5-21-307656423-3761733990-2565378310-1609","ObjectType":"User"},{"ObjectIdentifier":"S-1-5-21-307656423-3761733990-2565378310-1630","ObjectType":"User"},{"ObjectIdentifier":"S-1-5-21-307656423-3761733990-2565378310-1643","ObjectType":"Group"},{"ObjectIdentifier":"S-1-5-21-307656423-3761733990-2565378310-1642","ObjectType":"Group"},{"ObjectIdentifier":"S-1-5-21-307656423-3761733990-2565378310-1624","ObjectType":"User"},{"ObjectIdentifier":"S-1-5-21-307656423-3761733990-2565378310-1608","ObjectType":"User"},{"ObjectIdentifier":"S-1-5-21-307656423-3761733990-2565378310-526","ObjectType":"Group"},{"ObjectIdentifier":"S-1-5-21-307656423-3761733990-2565378310-502","ObjectType":"User"},{"ObjectIdentifier":"S-1-5-21-307656423-3761733990-2565378310-1623","ObjectType":"User"},{"ObjectIdentifier":"S-1-5-21-307656423-3761733990-2565378310-1631","ObjectType":"User"},{"ObjectIdentifier":"S-1-5-21-307656423-3761733990-2565378310-1620","ObjectType":"Group"},{"ObjectIdentifier":"S-1-5-21-307656423-3761733990-2565378310-1627","ObjectType":"User"},{"ObjectIdentifier":"S-1-5-21-307656423-3761733990-2565378310-1611","ObjectType":"User"},{"ObjectIdentifier":"S-1-5-21-307656423-3761733990-2565378310-525","ObjectType":"Group"},{"ObjectIdentifier":"S-1-5-21-307656423-3761733990-2565378310-553","ObjectType":"Group"},{"ObjectIdentifier":"S-1-5-21-307656423-3761733990-2565378310-521","ObjectType":"Group"},{"ObjectIdentifier":"S-1-5-21-307656423-3761733990-2565378310-1621","ObjectType":"User"},{"ObjectIdentifier":"S-1-5-21-307656423-3761733990-2565378310-1615","ObjectType":"User"},{"ObjectIdentifier":"S-1-5-21-307656423-3761733990-2565378310-1622","ObjectType":"User"},{"ObjectIdentifier":"S-1-5-21-307656423-3761733990-2565378310-518","ObjectType":"Group"},{"ObjectIdentifier":"S-1-5-21-307656423-3761733990-2565378310-1640","ObjectType":"User"},{"ObjectIdentifier":"S-1-5-21-307656423-3761733990-2565378310-1641","ObjectType":"User"},{"ObjectIdentifier":"S-1-5-21-307656423-3761733990-2565378310-1617","ObjectType":"Group"},{"ObjectIdentifier":"S-1-5-21-307656423-3761733990-2565378310-1639","ObjectType":"User"}],"Aces":[{"PrincipalSID":"S-1-5-21-307656423-3761733990-2565378310-512","PrincipalType":"Group","RightName":"Owns","IsInherited":false},{"PrincipalSID":"S-1-5-21-307656423-3761733990-2565378310-512","PrincipalType":"Group","RightName":"WriteDacl","IsInherited":false},{"PrincipalSID":"S-1-5-21-307656423-3761733990-2565378310-512","PrincipalType":"Group","RightName":"WriteOwner","IsInherited":false},{"PrincipalSID":"S-1-5-21-307656423-3761733990-2565378310-1628","PrincipalType":"User","RightName":"WriteDacl","IsInherited":true},{"PrincipalSID":"S-1-5-21-307656423-3761733990-2565378310-1630","PrincipalType":"User","RightName":"WriteOwner","IsInherited":true},{"PrincipalSID":"S-1-5-21-307656423-3761733990-2565378310-519","PrincipalType":"Group","RightName":"GenericAll","IsInherited":true},{"PrincipalSID":"S-1-5-21-307656423-3761733990-2565378310-1627","PrincipalType":"User","RightName":"GenericAll","IsInherited":true},{"PrincipalSID":"INLANEFREIGHT.HTB-S-1-5-32-544","PrincipalType":"Group","RightName":"WriteDacl","IsInherited":true},{"PrincipalSID":"INLANEFREIGHT.HTB-S-1-5-32-544","PrincipalType":"Group","RightName":"WriteOwner","IsInherited":true}],"ObjectIdentifier":"82D1FCBC-2F11-4F5C-9EE3-8A30AC47CAEC","IsDeleted":false,"IsACLProtected":false}],"meta":{"methods":29695,"type":"containers","count":21,"version":5}}