﻿{"data":[{"Properties":{"domain":"INLANEFREIGHT.HTB","name":"JULIO@INLANEFREIGHT.HTB","distinguishedname":"CN=JULIO,CN=USERS,DC=INLANEFREIGHT,DC=HTB","domainsid":"S-1-5-21-307656423-3761733990-2565378310","highvalue":false,"samaccountname":"julio","description":null,"whencreated":1673011697,"sensitive":false,"dontreqpreauth":false,"passwordnotreqd":false,"unconstraineddelegation":false,"pwdneverexpires":true,"enabled":true,"trustedtoauth":false,"lastlogon":1677321734,"lastlogontimestamp":1676464409,"pwdlastset":1673033297,"serviceprincipalnames":[],"hasspn":false,"displayname":"julio","email":null,"title":null,"homedirectory":null,"userpassword":null,"unixpassword":null,"unicodepassword":null,"sfupassword":null,"logonscript":null,"admincount":true,"sidhistory":[]},"AllowedToDelegate":[],"PrimaryGroupSID":"S-1-5-21-307656423-3761733990-2565378310-513","HasSIDHistory":[],"SPNTargets":[],"Aces":[{"PrincipalSID":"S-1-5-21-307656423-3761733990-2565378310-512","PrincipalType":"Group","RightName":"Owns","IsInherited":false},{"PrincipalSID":"INLANEFREIGHT.HTB-S-1-5-32-544","PrincipalType":"Group","RightName":"WriteDacl","IsInherited":false},{"PrincipalSID":"INLANEFREIGHT.HTB-S-1-5-32-544","PrincipalType":"Group","RightName":"WriteOwner","IsInherited":false},{"PrincipalSID":"INLANEFREIGHT.HTB-S-1-5-32-544","PrincipalType":"Group","RightName":"AllExtendedRights","IsInherited":false},{"PrincipalSID":"INLANEFREIGHT.HTB-S-1-5-32-544","PrincipalType":"Group","RightName":"GenericWrite","IsInherited":false},{"PrincipalSID":"S-1-5-21-307656423-3761733990-2565378310-512","PrincipalType":"Group","RightName":"WriteDacl","IsInherited":false},{"PrincipalSID":"S-1-5-21-307656423-3761733990-2565378310-512","PrincipalType":"Group","RightName":"WriteOwner","IsInherited":false},{"PrincipalSID":"S-1-5-21-307656423-3761733990-2565378310-512","PrincipalType":"Group","RightName":"AllExtendedRights","IsInherited":false},{"PrincipalSID":"S-1-5-21-307656423-3761733990-2565378310-512","PrincipalType":"Group","RightName":"GenericWrite","IsInherited":false},{"PrincipalSID":"S-1-5-21-307656423-3761733990-2565378310-519","PrincipalType":"Group","RightName":"WriteDacl","IsInherited":false},{"PrincipalSID":"S-1-5-21-307656423-3761733990-2565378310-519","PrincipalType":"Group","RightName":"WriteOwner","IsInherited":false},{"PrincipalSID":"S-1-5-21-307656423-3761733990-2565378310-519","PrincipalType":"Group","RightName":"AllExtendedRights","IsInherited":false},{"PrincipalSID":"S-1-5-21-307656423-3761733990-2565378310-519","PrincipalType":"Group","RightName":"GenericWrite","IsInherited":false}],"ObjectIdentifier":"S-1-5-21-307656423-3761733990-2565378310-1608","IsDeleted":false,"IsACLProtected":true},{"Properties":{"domain":"INLANEFREIGHT.HTB","name":"SARAH@INLANEFREIGHT.HTB","distinguishedname":"CN=SARAH,CN=USERS,DC=INLANEFREIGHT,DC=HTB","domainsid":"S-1-5-21-307656423-3761733990-2565378310","highvalue":false,"samaccountname":"sarah","description":null,"whencreated":1674137493,"sensitive":false,"dontreqpreauth":false,"passwordnotreqd":false,"unconstraineddelegation":false,"pwdneverexpires":true,"enabled":true,"trustedtoauth":false,"lastlogon":0,"lastlogontimestamp":-1,"pwdlastset":1677252743,"serviceprincipalnames":[],"hasspn":false,"displayname":"sarah","email":null,"title":null,"homedirectory":null,"userpassword":null,"unixpassword":null,"unicodepassword":null,"sfupassword":null,"logonscript":null,"admincount":true,"sidhistory":[]},"AllowedToDelegate":[],"PrimaryGroupSID":"S-1-5-21-307656423-3761733990-2565378310-513","HasSIDHistory":[],"SPNTargets":[],"Aces":[{"PrincipalSID":"S-1-5-21-307656423-3761733990-2565378310-512","PrincipalType":"Group","RightName":"Owns","IsInherited":false},{"PrincipalSID":"INLANEFREIGHT.HTB-S-1-5-32-544","PrincipalType":"Group","RightName":"WriteDacl","IsInherited":false},{"PrincipalSID":"INLANEFREIGHT.HTB-S-1-5-32-544","PrincipalType":"Group","RightName":"WriteOwner","IsInherited":false},{"PrincipalSID":"INLANEFREIGHT.HTB-S-1-5-32-544","PrincipalType":"Group","RightName":"AllExtendedRights","IsInherited":false},{"PrincipalSID":"INLANEFREIGHT.HTB-S-1-5-32-544","PrincipalType":"Group","RightName":"GenericWrite","IsInherited":false},{"PrincipalSID":"S-1-5-21-307656423-3761733990-2565378310-512","PrincipalType":"Group","RightName":"WriteDacl","IsInherited":false},{"PrincipalSID":"S-1-5-21-307656423-3761733990-2565378310-512","PrincipalType":"Group","RightName":"WriteOwner","IsInherited":false},{"PrincipalSID":"S-1-5-21-307656423-3761733990-2565378310-512","PrincipalType":"Group","RightName":"AllExtendedRights","IsInherited":false},{"PrincipalSID":"S-1-5-21-307656423-3761733990-2565378310-512","PrincipalType":"Group","RightName":"GenericWrite","IsInherited":false},{"PrincipalSID":"S-1-5-21-307656423-3761733990-2565378310-519","PrincipalType":"Group","RightName":"WriteDacl","IsInherited":false},{"PrincipalSID":"S-1-5-21-307656423-3761733990-2565378310-519","PrincipalType":"Group","RightName":"WriteOwner","IsInherited":false},{"PrincipalSID":"S-1-5-21-307656423-3761733990-2565378310-519","PrincipalType":"Group","RightName":"AllExtendedRights","IsInherited":false},{"PrincipalSID":"S-1-5-21-307656423-3761733990-2565378310-519","PrincipalType":"Group","RightName":"GenericWrite","IsInherited":false}],"ObjectIdentifier":"S-1-5-21-307656423-3761733990-2565378310-1622","IsDeleted":false,"IsACLProtected":true},{"Properties":{"domain":"INLANEFREIGHT.HTB","name":"KRBTGT@INLANEFREIGHT.HTB","distinguishedname":"CN=KRBTGT,CN=USERS,DC=INLANEFREIGHT,DC=HTB","domainsid":"S-1-5-21-307656423-3761733990-2565378310","highvalue":false,"samaccountname":"krbtgt","description":"Key Distribution Center Service Account","whencreated":1672886023,"sensitive":false,"dontreqpreauth":false,"passwordnotreqd":false,"unconstraineddelegation":false,"pwdneverexpires":false,"enabled":false,"trustedtoauth":false,"lastlogon":0,"lastlogontimestamp":-1,"pwdlastset":1672907623,"serviceprincipalnames":["kadmin/changepw"],"hasspn":true,"displayname":null,"email":null,"title":null,"homedirectory":null,"userpassword":null,"unixpassword":null,"unicodepassword":null,"sfupassword":null,"logonscript":null,"admincount":true,"sidhistory":[]},"AllowedToDelegate":[],"PrimaryGroupSID":"S-1-5-21-307656423-3761733990-2565378310-513","HasSIDHistory":[],"SPNTargets":[],"Aces":[{"PrincipalSID":"S-1-5-21-307656423-3761733990-2565378310-512","PrincipalType":"Group","RightName":"Owns","IsInherited":false},{"PrincipalSID":"INLANEFREIGHT.HTB-S-1-5-32-544","PrincipalType":"Group","RightName":"WriteDacl","IsInherited":false},{"PrincipalSID":"INLANEFREIGHT.HTB-S-1-5-32-544","PrincipalType":"Group","RightName":"WriteOwner","IsInherited":false},{"PrincipalSID":"INLANEFREIGHT.HTB-S-1-5-32-544","PrincipalType":"Group","RightName":"AllExtendedRights","IsInherited":false},{"PrincipalSID":"INLANEFREIGHT.HTB-S-1-5-32-544","PrincipalType":"Group","RightName":"GenericWrite","IsInherited":false},{"PrincipalSID":"S-1-5-21-307656423-3761733990-2565378310-512","PrincipalType":"Group","RightName":"WriteDacl","IsInherited":false},{"PrincipalSID":"S-1-5-21-307656423-3761733990-2565378310-512","PrincipalType":"Group","RightName":"WriteOwner","IsInherited":false},{"PrincipalSID":"S-1-5-21-307656423-3761733990-2565378310-512","PrincipalType":"Group","RightName":"AllExtendedRights","IsInherited":false},{"PrincipalSID":"S-1-5-21-307656423-3761733990-2565378310-512","PrincipalType":"Group","RightName":"GenericWrite","IsInherited":false},{"PrincipalSID":"S-1-5-21-307656423-3761733990-2565378310-519","PrincipalType":"Group","RightName":"WriteDacl","IsInherited":false},{"PrincipalSID":"S-1-5-21-307656423-3761733990-2565378310-519","PrincipalType":"Group","RightName":"WriteOwner","IsInherited":false},{"PrincipalSID":"S-1-5-21-307656423-3761733990-2565378310-519","PrincipalType":"Group","RightName":"AllExtendedRights","IsInherited":false},{"PrincipalSID":"S-1-5-21-307656423-3761733990-2565378310-519","PrincipalType":"Group","RightName":"GenericWrite","IsInherited":false}],"ObjectIdentifier":"S-1-5-21-307656423-3761733990-2565378310-502","IsDeleted":false,"IsACLProtected":true},{"Properties":{"domain":"INLANEFREIGHT.HTB","name":"PETER@INLANEFREIGHT.HTB","distinguishedname":"CN=PETER,CN=USERS,DC=INLANEFREIGHT,DC=HTB","domainsid":"S-1-5-21-307656423-3761733990-2565378310","highvalue":false,"samaccountname":"peter","description":null,"whencreated":1673852864,"sensitive":false,"dontreqpreauth":false,"passwordnotreqd":false,"unconstraineddelegation":false,"pwdneverexpires":true,"enabled":true,"trustedtoauth":false,"lastlogon":0,"lastlogontimestamp":-1,"pwdlastset":1673874464,"serviceprincipalnames":[],"hasspn":false,"displayname":"peter","email":null,"title":null,"homedirectory":null,"userpassword":null,"unixpassword":null,"unicodepassword":null,"sfupassword":null,"logonscript":null,"admincount":true,"sidhistory":[]},"AllowedToDelegate":[],"PrimaryGroupSID":"S-1-5-21-307656423-3761733990-2565378310-513","HasSIDHistory":[],"SPNTargets":[],"Aces":[{"PrincipalSID":"S-1-5-21-307656423-3761733990-2565378310-512","PrincipalType":"Group","RightName":"Owns","IsInherited":false},{"PrincipalSID":"INLANEFREIGHT.HTB-S-1-5-32-544","PrincipalType":"Group","RightName":"WriteDacl","IsInherited":false},{"PrincipalSID":"INLANEFREIGHT.HTB-S-1-5-32-544","PrincipalType":"Group","RightName":"WriteOwner","IsInherited":false},{"PrincipalSID":"INLANEFREIGHT.HTB-S-1-5-32-544","PrincipalType":"Group","RightName":"AllExtendedRights","IsInherited":false},{"PrincipalSID":"INLANEFREIGHT.HTB-S-1-5-32-544","PrincipalType":"Group","RightName":"GenericWrite","IsInherited":false},{"PrincipalSID":"S-1-5-21-307656423-3761733990-2565378310-512","PrincipalType":"Group","RightName":"WriteDacl","IsInherited":false},{"PrincipalSID":"S-1-5-21-307656423-3761733990-2565378310-512","PrincipalType":"Group","RightName":"WriteOwner","IsInherited":false},{"PrincipalSID":"S-1-5-21-307656423-3761733990-2565378310-512","PrincipalType":"Group","RightName":"AllExtendedRights","IsInherited":false},{"PrincipalSID":"S-1-5-21-307656423-3761733990-2565378310-512","PrincipalType":"Group","RightName":"GenericWrite","IsInherited":false},{"PrincipalSID":"S-1-5-21-307656423-3761733990-2565378310-519","PrincipalType":"Group","RightName":"WriteDacl","IsInherited":false},{"PrincipalSID":"S-1-5-21-307656423-3761733990-2565378310-519","PrincipalType":"Group","RightName":"WriteOwner","IsInherited":false},{"PrincipalSID":"S-1-5-21-307656423-3761733990-2565378310-519","PrincipalType":"Group","RightName":"AllExtendedRights","IsInherited":false},{"PrincipalSID":"S-1-5-21-307656423-3761733990-2565378310-519","PrincipalType":"Group","RightName":"GenericWrite","IsInherited":false}],"ObjectIdentifier":"S-1-5-21-307656423-3761733990-2565378310-1611","IsDeleted":false,"IsACLProtected":true},{"Properties":{"domain":"INLANEFREIGHT.HTB","name":"ADMINISTRATOR@INLANEFREIGHT.HTB","distinguishedname":"CN=ADMINISTRATOR,CN=USERS,DC=INLANEFREIGHT,DC=HTB","domainsid":"S-1-5-21-307656423-3761733990-2565378310","highvalue":false,"samaccountname":"Administrator","description":"Built-in account for administering the computer/domain","whencreated":1672885987,"sensitive":false,"dontreqpreauth":false,"passwordnotreqd":false,"unconstraineddelegation":false,"pwdneverexpires":false,"enabled":true,"trustedtoauth":false,"lastlogon":1677237562,"lastlogontimestamp":1677237562,"pwdlastset":1677237553,"serviceprincipalnames":[],"hasspn":false,"displayname":null,"email":null,"title":null,"homedirectory":null,"userpassword":null,"unixpassword":null,"unicodepassword":null,"sfupassword":null,"logonscript":null,"admincount":true,"sidhistory":[]},"AllowedToDelegate":[],"PrimaryGroupSID":"S-1-5-21-307656423-3761733990-2565378310-513","HasSIDHistory":[],"SPNTargets":[],"Aces":[{"PrincipalSID":"S-1-5-21-307656423-3761733990-2565378310-512","PrincipalType":"Group","RightName":"Owns","IsInherited":false},{"PrincipalSID":"INLANEFREIGHT.HTB-S-1-5-32-544","PrincipalType":"Group","RightName":"WriteDacl","IsInherited":false},{"PrincipalSID":"INLANEFREIGHT.HTB-S-1-5-32-544","PrincipalType":"Group","RightName":"WriteOwner","IsInherited":false},{"PrincipalSID":"INLANEFREIGHT.HTB-S-1-5-32-544","PrincipalType":"Group","RightName":"AllExtendedRights","IsInherited":false},{"PrincipalSID":"INLANEFREIGHT.HTB-S-1-5-32-544","PrincipalType":"Group","RightName":"GenericWrite","IsInherited":false},{"PrincipalSID":"S-1-5-21-307656423-3761733990-2565378310-512","PrincipalType":"Group","RightName":"WriteDacl","IsInherited":false},{"PrincipalSID":"S-1-5-21-307656423-3761733990-2565378310-512","PrincipalType":"Group","RightName":"WriteOwner","IsInherited":false},{"PrincipalSID":"S-1-5-21-307656423-3761733990-2565378310-512","PrincipalType":"Group","RightName":"AllExtendedRights","IsInherited":false},{"PrincipalSID":"S-1-5-21-307656423-3761733990-2565378310-512","PrincipalType":"Group","RightName":"GenericWrite","IsInherited":false},{"PrincipalSID":"S-1-5-21-307656423-3761733990-2565378310-519","PrincipalType":"Group","RightName":"WriteDacl","IsInherited":false},{"PrincipalSID":"S-1-5-21-307656423-3761733990-2565378310-519","PrincipalType":"Group","RightName":"WriteOwner","IsInherited":false},{"PrincipalSID":"S-1-5-21-307656423-3761733990-2565378310-519","PrincipalType":"Group","RightName":"AllExtendedRights","IsInherited":false},{"PrincipalSID":"S-1-5-21-307656423-3761733990-2565378310-519","PrincipalType":"Group","RightName":"GenericWrite","IsInherited":false}],"ObjectIdentifier":"S-1-5-21-307656423-3761733990-2565378310-500","IsDeleted":false,"IsACLProtected":true},{"Properties":{"domain":"INLANEFREIGHT.HTB","name":"CARLOS@INLANEFREIGHT.HTB","distinguishedname":"CN=CARLOS,CN=USERS,DC=INLANEFREIGHT,DC=HTB","domainsid":"S-1-5-21-307656423-3761733990-2565378310","highvalue":false,"samaccountname":"carlos","description":null,"whencreated":1674137616,"sensitive":false,"dontreqpreauth":false,"passwordnotreqd":false,"unconstraineddelegation":false,"pwdneverexpires":true,"enabled":true,"trustedtoauth":false,"lastlogon":0,"lastlogontimestamp":-1,"pwdlastset":1677252892,"serviceprincipalnames":[],"hasspn":false,"displayname":"carlos","email":null,"title":null,"homedirectory":null,"userpassword":null,"unixpassword":null,"unicodepassword":null,"sfupassword":null,"logonscript":null,"admincount":false,"sidhistory":[]},"AllowedToDelegate":[],"PrimaryGroupSID":"S-1-5-21-307656423-3761733990-2565378310-513","HasSIDHistory":[],"SPNTargets":[],"Aces":[{"PrincipalSID":"S-1-5-21-307656423-3761733990-2565378310-512","PrincipalType":"Group","RightName":"Owns","IsInherited":false},{"PrincipalSID":"INLANEFREIGHT.HTB-S-1-5-32-548","PrincipalType":"Group","RightName":"GenericAll","IsInherited":false},{"PrincipalSID":"S-1-5-21-307656423-3761733990-2565378310-512","PrincipalType":"Group","RightName":"GenericAll","IsInherited":false},{"PrincipalSID":"S-1-5-21-307656423-3761733990-2565378310-526","PrincipalType":"Group","RightName":"AddKeyCredentialLink","IsInherited":true},{"PrincipalSID":"S-1-5-21-307656423-3761733990-2565378310-527","PrincipalType":"Group","RightName":"AddKeyCredentialLink","IsInherited":true},{"PrincipalSID":"S-1-5-21-307656423-3761733990-2565378310-1628","PrincipalType":"User","RightName":"WriteDacl","IsInherited":true},{"PrincipalSID":"S-1-5-21-307656423-3761733990-2565378310-1630","PrincipalType":"User","RightName":"WriteOwner","IsInherited":true},{"PrincipalSID":"S-1-5-21-307656423-3761733990-2565378310-519","PrincipalType":"Group","RightName":"GenericAll","IsInherited":true},{"PrincipalSID":"S-1-5-21-307656423-3761733990-2565378310-1627","PrincipalType":"User","RightName":"GenericAll","IsInherited":true},{"PrincipalSID":"INLANEFREIGHT.HTB-S-1-5-32-544","PrincipalType":"Group","RightName":"WriteDacl","IsInherited":true},{"PrincipalSID":"INLANEFREIGHT.HTB-S-1-5-32-544","PrincipalType":"Group","RightName":"WriteOwner","IsInherited":true},{"PrincipalSID":"INLANEFREIGHT.HTB-S-1-5-32-544","PrincipalType":"Group","RightName":"AllExtendedRights","IsInherited":true},{"PrincipalSID":"INLANEFREIGHT.HTB-S-1-5-32-544","PrincipalType":"Group","RightName":"GenericWrite","IsInherited":true}],"ObjectIdentifier":"S-1-5-21-307656423-3761733990-2565378310-1628","IsDeleted":false,"IsACLProtected":false},{"Properties":{"domain":"INLANEFREIGHT.HTB","name":"SVC_DEVADM$@INLANEFREIGHT.HTB","distinguishedname":"CN=SVC_DEVADM,CN=MANAGED SERVICE ACCOUNTS,DC=INLANEFREIGHT,DC=HTB","domainsid":"S-1-5-21-307656423-3761733990-2565378310","highvalue":false,"samaccountname":"svc_devadm$","description":null,"whencreated":1677216089,"sensitive":false,"dontreqpreauth":false,"passwordnotreqd":false,"unconstraineddelegation":false,"pwdneverexpires":false,"enabled":true,"trustedtoauth":false,"lastlogon":0,"lastlogontimestamp":-1,"pwdlastset":1677237689,"serviceprincipalnames":[],"hasspn":false,"displayname":null,"email":null,"title":null,"homedirectory":null,"userpassword":null,"unixpassword":null,"unicodepassword":null,"sfupassword":null,"logonscript":null,"admincount":false,"sidhistory":[]},"AllowedToDelegate":[],"PrimaryGroupSID":"S-1-5-21-307656423-3761733990-2565378310-515","HasSIDHistory":[],"SPNTargets":[],"Aces":[{"PrincipalSID":"S-1-5-21-307656423-3761733990-2565378310-512","PrincipalType":"Group","RightName":"Owns","IsInherited":false},{"PrincipalSID":"INLANEFREIGHT.HTB-S-1-5-32-548","PrincipalType":"Group","RightName":"GenericAll","IsInherited":false},{"PrincipalSID":"S-1-5-21-307656423-3761733990-2565378310-512","PrincipalType":"Group","RightName":"GenericAll","IsInherited":false},{"PrincipalSID":"S-1-5-21-307656423-3761733990-2565378310-526","PrincipalType":"Group","RightName":"AddKeyCredentialLink","IsInherited":true},{"PrincipalSID":"S-1-5-21-307656423-3761733990-2565378310-527","PrincipalType":"Group","RightName":"AddKeyCredentialLink","IsInherited":true},{"PrincipalSID":"S-1-5-21-307656423-3761733990-2565378310-1628","PrincipalType":"User","RightName":"WriteDacl","IsInherited":true},{"PrincipalSID":"S-1-5-21-307656423-3761733990-2565378310-1630","PrincipalType":"User","RightName":"WriteOwner","IsInherited":true},{"PrincipalSID":"S-1-5-21-307656423-3761733990-2565378310-519","PrincipalType":"Group","RightName":"GenericAll","IsInherited":true},{"PrincipalSID":"S-1-5-21-307656423-3761733990-2565378310-1627","PrincipalType":"User","RightName":"GenericAll","IsInherited":true},{"PrincipalSID":"INLANEFREIGHT.HTB-S-1-5-32-544","PrincipalType":"Group","RightName":"WriteDacl","IsInherited":true},{"PrincipalSID":"INLANEFREIGHT.HTB-S-1-5-32-544","PrincipalType":"Group","RightName":"WriteOwner","IsInherited":true},{"PrincipalSID":"INLANEFREIGHT.HTB-S-1-5-32-544","PrincipalType":"Group","RightName":"AllExtendedRights","IsInherited":true},{"PrincipalSID":"INLANEFREIGHT.HTB-S-1-5-32-544","PrincipalType":"Group","RightName":"GenericWrite","IsInherited":true},{"PrincipalSID":"S-1-5-21-307656423-3761733990-2565378310-1634","PrincipalType":"User","RightName":"ReadGMSAPassword","IsInherited":false}],"ObjectIdentifier":"S-1-5-21-307656423-3761733990-2565378310-1649","IsDeleted":false,"IsACLProtected":false},{"Properties":{"domain":"INLANEFREIGHT.HTB","name":"DAVID@INLANEFREIGHT.HTB","distinguishedname":"CN=DAVID,CN=USERS,DC=INLANEFREIGHT,DC=HTB","domainsid":"S-1-5-21-307656423-3761733990-2565378310","highvalue":false,"samaccountname":"david","description":null,"whencreated":1673853689,"sensitive":false,"dontreqpreauth":false,"passwordnotreqd":false,"unconstraineddelegation":false,"pwdneverexpires":true,"enabled":true,"trustedtoauth":false,"lastlogon":0,"lastlogontimestamp":-1,"pwdlastset":1673875289,"serviceprincipalnames":[],"hasspn":false,"displayname":"david","email":null,"title":null,"homedirectory":null,"userpassword":null,"unixpassword":null,"unicodepassword":null,"sfupassword":null,"logonscript":null,"admincount":true,"sidhistory":[]},"AllowedToDelegate":[],"PrimaryGroupSID":"S-1-5-21-307656423-3761733990-2565378310-513","HasSIDHistory":[],"SPNTargets":[],"Aces":[{"PrincipalSID":"S-1-5-21-307656423-3761733990-2565378310-512","PrincipalType":"Group","RightName":"Owns","IsInherited":false},{"PrincipalSID":"INLANEFREIGHT.HTB-S-1-5-32-544","PrincipalType":"Group","RightName":"WriteDacl","IsInherited":false},{"PrincipalSID":"INLANEFREIGHT.HTB-S-1-5-32-544","PrincipalType":"Group","RightName":"WriteOwner","IsInherited":false},{"PrincipalSID":"INLANEFREIGHT.HTB-S-1-5-32-544","PrincipalType":"Group","RightName":"AllExtendedRights","IsInherited":false},{"PrincipalSID":"INLANEFREIGHT.HTB-S-1-5-32-544","PrincipalType":"Group","RightName":"GenericWrite","IsInherited":false},{"PrincipalSID":"S-1-5-21-307656423-3761733990-2565378310-512","PrincipalType":"Group","RightName":"WriteDacl","IsInherited":false},{"PrincipalSID":"S-1-5-21-307656423-3761733990-2565378310-512","PrincipalType":"Group","RightName":"WriteOwner","IsInherited":false},{"PrincipalSID":"S-1-5-21-307656423-3761733990-2565378310-512","PrincipalType":"Group","RightName":"AllExtendedRights","IsInherited":false},{"PrincipalSID":"S-1-5-21-307656423-3761733990-2565378310-512","PrincipalType":"Group","RightName":"GenericWrite","IsInherited":false},{"PrincipalSID":"S-1-5-21-307656423-3761733990-2565378310-519","PrincipalType":"Group","RightName":"WriteDacl","IsInherited":false},{"PrincipalSID":"S-1-5-21-307656423-3761733990-2565378310-519","PrincipalType":"Group","RightName":"WriteOwner","IsInherited":false},{"PrincipalSID":"S-1-5-21-307656423-3761733990-2565378310-519","PrincipalType":"Group","RightName":"AllExtendedRights","IsInherited":false},{"PrincipalSID":"S-1-5-21-307656423-3761733990-2565378310-519","PrincipalType":"Group","RightName":"GenericWrite","IsInherited":false}],"ObjectIdentifier":"S-1-5-21-307656423-3761733990-2565378310-1612","IsDeleted":false,"IsACLProtected":true},{"Properties":{"domain":"INLANEFREIGHT.HTB","name":"ELIZABETH@INLANEFREIGHT.HTB","distinguishedname":"CN=ELIZABETH,CN=USERS,DC=INLANEFREIGHT,DC=HTB","domainsid":"S-1-5-21-307656423-3761733990-2565378310","highvalue":false,"samaccountname":"elizabeth","description":null,"whencreated":1674137752,"sensitive":false,"dontreqpreauth":false,"passwordnotreqd":false,"unconstraineddelegation":false,"pwdneverexpires":true,"enabled":true,"trustedtoauth":false,"lastlogon":0,"lastlogontimestamp":-1,"pwdlastset":1677253410,"serviceprincipalnames":[],"hasspn":false,"displayname":"elizabeth","email":null,"title":null,"homedirectory":null,"userpassword":null,"unixpassword":null,"unicodepassword":null,"sfupassword":null,"logonscript":null,"admincount":false,"sidhistory":[]},"AllowedToDelegate":[],"PrimaryGroupSID":"S-1-5-21-307656423-3761733990-2565378310-513","HasSIDHistory":[],"SPNTargets":[],"Aces":[{"PrincipalSID":"S-1-5-21-307656423-3761733990-2565378310-512","PrincipalType":"Group","RightName":"Owns","IsInherited":false},{"PrincipalSID":"INLANEFREIGHT.HTB-S-1-5-32-548","PrincipalType":"Group","RightName":"GenericAll","IsInherited":false},{"PrincipalSID":"S-1-5-21-307656423-3761733990-2565378310-512","PrincipalType":"Group","RightName":"GenericAll","IsInherited":false},{"PrincipalSID":"S-1-5-21-307656423-3761733990-2565378310-526","PrincipalType":"Group","RightName":"AddKeyCredentialLink","IsInherited":true},{"PrincipalSID":"S-1-5-21-307656423-3761733990-2565378310-527","PrincipalType":"Group","RightName":"AddKeyCredentialLink","IsInherited":true},{"PrincipalSID":"S-1-5-21-307656423-3761733990-2565378310-1628","PrincipalType":"User","RightName":"WriteDacl","IsInherited":true},{"PrincipalSID":"S-1-5-21-307656423-3761733990-2565378310-1630","PrincipalType":"User","RightName":"WriteOwner","IsInherited":true},{"PrincipalSID":"S-1-5-21-307656423-3761733990-2565378310-519","PrincipalType":"Group","RightName":"GenericAll","IsInherited":true},{"PrincipalSID":"S-1-5-21-307656423-3761733990-2565378310-1627","PrincipalType":"User","RightName":"GenericAll","IsInherited":true},{"PrincipalSID":"INLANEFREIGHT.HTB-S-1-5-32-544","PrincipalType":"Group","RightName":"WriteDacl","IsInherited":true},{"PrincipalSID":"INLANEFREIGHT.HTB-S-1-5-32-544","PrincipalType":"Group","RightName":"WriteOwner","IsInherited":true},{"PrincipalSID":"INLANEFREIGHT.HTB-S-1-5-32-544","PrincipalType":"Group","RightName":"AllExtendedRights","IsInherited":true},{"PrincipalSID":"INLANEFREIGHT.HTB-S-1-5-32-544","PrincipalType":"Group","RightName":"GenericWrite","IsInherited":true}],"ObjectIdentifier":"S-1-5-21-307656423-3761733990-2565378310-1636","IsDeleted":false,"IsACLProtected":false},{"Properties":{"domain":"INLANEFREIGHT.HTB","name":"GIL@INLANEFREIGHT.HTB","distinguishedname":"CN=GIL,CN=USERS,DC=INLANEFREIGHT,DC=HTB","domainsid":"S-1-5-21-307656423-3761733990-2565378310","highvalue":false,"samaccountname":"gil","description":null,"whencreated":1674137780,"sensitive":false,"dontreqpreauth":false,"passwordnotreqd":false,"unconstraineddelegation":false,"pwdneverexpires":true,"enabled":true,"trustedtoauth":false,"lastlogon":0,"lastlogontimestamp":-1,"pwdlastset":1677253423,"serviceprincipalnames":[],"hasspn":false,"displayname":"gil","email":null,"title":null,"homedirectory":null,"userpassword":null,"unixpassword":null,"unicodepassword":null,"sfupassword":null,"logonscript":null,"admincount":false,"sidhistory":[]},"AllowedToDelegate":[],"PrimaryGroupSID":"S-1-5-21-307656423-3761733990-2565378310-513","HasSIDHistory":[],"SPNTargets":[],"Aces":[{"PrincipalSID":"S-1-5-21-307656423-3761733990-2565378310-512","PrincipalType":"Group","RightName":"Owns","IsInherited":false},{"PrincipalSID":"INLANEFREIGHT.HTB-S-1-5-32-548","PrincipalType":"Group","RightName":"GenericAll","IsInherited":false},{"PrincipalSID":"S-1-5-21-307656423-3761733990-2565378310-512","PrincipalType":"Group","RightName":"GenericAll","IsInherited":false},{"PrincipalSID":"S-1-5-21-307656423-3761733990-2565378310-526","PrincipalType":"Group","RightName":"AddKeyCredentialLink","IsInherited":true},{"PrincipalSID":"S-1-5-21-307656423-3761733990-2565378310-527","PrincipalType":"Group","RightName":"AddKeyCredentialLink","IsInherited":true},{"PrincipalSID":"S-1-5-21-307656423-3761733990-2565378310-1628","PrincipalType":"User","RightName":"WriteDacl","IsInherited":true},{"PrincipalSID":"S-1-5-21-307656423-3761733990-2565378310-1630","PrincipalType":"User","RightName":"WriteOwner","IsInherited":true},{"PrincipalSID":"S-1-5-21-307656423-3761733990-2565378310-519","PrincipalType":"Group","RightName":"GenericAll","IsInherited":true},{"PrincipalSID":"S-1-5-21-307656423-3761733990-2565378310-1627","PrincipalType":"User","RightName":"GenericAll","IsInherited":true},{"PrincipalSID":"INLANEFREIGHT.HTB-S-1-5-32-544","PrincipalType":"Group","RightName":"WriteDacl","IsInherited":true},{"PrincipalSID":"INLANEFREIGHT.HTB-S-1-5-32-544","PrincipalType":"Group","RightName":"WriteOwner","IsInherited":true},{"PrincipalSID":"INLANEFREIGHT.HTB-S-1-5-32-544","PrincipalType":"Group","RightName":"AllExtendedRights","IsInherited":true},{"PrincipalSID":"INLANEFREIGHT.HTB-S-1-5-32-544","PrincipalType":"Group","RightName":"GenericWrite","IsInherited":true}],"ObjectIdentifier":"S-1-5-21-307656423-3761733990-2565378310-1638","IsDeleted":false,"IsACLProtected":false},{"Properties":{"domain":"INLANEFREIGHT.HTB","name":"MARTHA@INLANEFREIGHT.HTB","distinguishedname":"CN=MARTHA,CN=USERS,DC=INLANEFREIGHT,DC=HTB","domainsid":"S-1-5-21-307656423-3761733990-2565378310","highvalue":false,"samaccountname":"martha","description":null,"whencreated":1674137519,"sensitive":false,"dontreqpreauth":false,"passwordnotreqd":false,"unconstraineddelegation":false,"pwdneverexpires":true,"enabled":true,"trustedtoauth":false,"lastlogon":0,"lastlogontimestamp":-1,"pwdlastset":1677252763,"serviceprincipalnames":[],"hasspn":false,"displayname":"martha","email":null,"title":null,"homedirectory":null,"userpassword":null,"unixpassword":null,"unicodepassword":null,"sfupassword":null,"logonscript":null,"admincount":false,"sidhistory":[]},"AllowedToDelegate":[],"PrimaryGroupSID":"S-1-5-21-307656423-3761733990-2565378310-513","HasSIDHistory":[],"SPNTargets":[],"Aces":[{"PrincipalSID":"S-1-5-21-307656423-3761733990-2565378310-512","PrincipalType":"Group","RightName":"Owns","IsInherited":false},{"PrincipalSID":"INLANEFREIGHT.HTB-S-1-5-32-548","PrincipalType":"Group","RightName":"GenericAll","IsInherited":false},{"PrincipalSID":"S-1-5-21-307656423-3761733990-2565378310-512","PrincipalType":"Group","RightName":"GenericAll","IsInherited":false},{"PrincipalSID":"S-1-5-21-307656423-3761733990-2565378310-526","PrincipalType":"Group","RightName":"AddKeyCredentialLink","IsInherited":true},{"PrincipalSID":"S-1-5-21-307656423-3761733990-2565378310-527","PrincipalType":"Group","RightName":"AddKeyCredentialLink","IsInherited":true},{"PrincipalSID":"S-1-5-21-307656423-3761733990-2565378310-1628","PrincipalType":"User","RightName":"WriteDacl","IsInherited":true},{"PrincipalSID":"S-1-5-21-307656423-3761733990-2565378310-1630","PrincipalType":"User","RightName":"WriteOwner","IsInherited":true},{"PrincipalSID":"S-1-5-21-307656423-3761733990-2565378310-519","PrincipalType":"Group","RightName":"GenericAll","IsInherited":true},{"PrincipalSID":"S-1-5-21-307656423-3761733990-2565378310-1627","PrincipalType":"User","RightName":"GenericAll","IsInherited":true},{"PrincipalSID":"INLANEFREIGHT.HTB-S-1-5-32-544","PrincipalType":"Group","RightName":"WriteDacl","IsInherited":true},{"PrincipalSID":"INLANEFREIGHT.HTB-S-1-5-32-544","PrincipalType":"Group","RightName":"WriteOwner","IsInherited":true},{"PrincipalSID":"INLANEFREIGHT.HTB-S-1-5-32-544","PrincipalType":"Group","RightName":"AllExtendedRights","IsInherited":true},{"PrincipalSID":"INLANEFREIGHT.HTB-S-1-5-32-544","PrincipalType":"Group","RightName":"GenericWrite","IsInherited":true}],"ObjectIdentifier":"S-1-5-21-307656423-3761733990-2565378310-1623","IsDeleted":false,"IsACLProtected":false},{"Properties":{"domain":"INLANEFREIGHT.HTB","name":"MARK@INLANEFREIGHT.HTB","distinguishedname":"CN=MARK,OU=IT,OU=DEPARTMENTS,DC=INLANEFREIGHT,DC=HTB","domainsid":"S-1-5-21-307656423-3761733990-2565378310","highvalue":false,"samaccountname":"mark","description":null,"whencreated":1673854293,"sensitive":false,"dontreqpreauth":false,"passwordnotreqd":false,"unconstraineddelegation":false,"pwdneverexpires":true,"enabled":true,"trustedtoauth":false,"lastlogon":0,"lastlogontimestamp":-1,"pwdlastset":1673875893,"serviceprincipalnames":[],"hasspn":false,"displayname":"mark","email":null,"title":null,"homedirectory":null,"userpassword":null,"unixpassword":null,"unicodepassword":null,"sfupassword":null,"logonscript":null,"admincount":false,"sidhistory":[]},"AllowedToDelegate":[],"PrimaryGroupSID":"S-1-5-21-307656423-3761733990-2565378310-513","HasSIDHistory":[],"SPNTargets":[],"Aces":[{"PrincipalSID":"S-1-5-21-307656423-3761733990-2565378310-512","PrincipalType":"Group","RightName":"Owns","IsInherited":false},{"PrincipalSID":"INLANEFREIGHT.HTB-S-1-5-32-548","PrincipalType":"Group","RightName":"GenericAll","IsInherited":false},{"PrincipalSID":"S-1-5-21-307656423-3761733990-2565378310-512","PrincipalType":"Group","RightName":"GenericAll","IsInherited":false},{"PrincipalSID":"S-1-5-21-307656423-3761733990-2565378310-1615","PrincipalType":"User","RightName":"ForceChangePassword","IsInherited":false},{"PrincipalSID":"S-1-5-21-307656423-3761733990-2565378310-526","PrincipalType":"Group","RightName":"AddKeyCredentialLink","IsInherited":true},{"PrincipalSID":"S-1-5-21-307656423-3761733990-2565378310-527","PrincipalType":"Group","RightName":"AddKeyCredentialLink","IsInherited":true},{"PrincipalSID":"S-1-5-21-307656423-3761733990-2565378310-1628","PrincipalType":"User","RightName":"WriteDacl","IsInherited":true},{"PrincipalSID":"S-1-5-21-307656423-3761733990-2565378310-1630","PrincipalType":"User","RightName":"WriteOwner","IsInherited":true},{"PrincipalSID":"S-1-5-21-307656423-3761733990-2565378310-519","PrincipalType":"Group","RightName":"GenericAll","IsInherited":true},{"PrincipalSID":"S-1-5-21-307656423-3761733990-2565378310-1627","PrincipalType":"User","RightName":"GenericAll","IsInherited":true},{"PrincipalSID":"INLANEFREIGHT.HTB-S-1-5-32-544","PrincipalType":"Group","RightName":"WriteDacl","IsInherited":true},{"PrincipalSID":"INLANEFREIGHT.HTB-S-1-5-32-544","PrincipalType":"Group","RightName":"WriteOwner","IsInherited":true},{"PrincipalSID":"INLANEFREIGHT.HTB-S-1-5-32-544","PrincipalType":"Group","RightName":"AllExtendedRights","IsInherited":true},{"PrincipalSID":"INLANEFREIGHT.HTB-S-1-5-32-544","PrincipalType":"Group","RightName":"GenericWrite","IsInherited":true}],"ObjectIdentifier":"S-1-5-21-307656423-3761733990-2565378310-1614","IsDeleted":false,"IsACLProtected":false},{"Properties":{"domain":"INLANEFREIGHT.HTB","name":"VICTOR@INLANEFREIGHT.HTB","distinguishedname":"CN=VICTOR,CN=USERS,DC=INLANEFREIGHT,DC=HTB","domainsid":"S-1-5-21-307656423-3761733990-2565378310","highvalue":false,"samaccountname":"victor","description":null,"whencreated":1674137794,"sensitive":false,"dontreqpreauth":false,"passwordnotreqd":false,"unconstraineddelegation":false,"pwdneverexpires":true,"enabled":true,"trustedtoauth":false,"lastlogon":0,"lastlogontimestamp":-1,"pwdlastset":1674159394,"serviceprincipalnames":[],"hasspn":false,"displayname":"victor","email":null,"title":null,"homedirectory":null,"userpassword":null,"unixpassword":null,"unicodepassword":null,"sfupassword":null,"logonscript":null,"admincount":false,"sidhistory":[]},"AllowedToDelegate":[],"PrimaryGroupSID":"S-1-5-21-307656423-3761733990-2565378310-513","HasSIDHistory":[],"SPNTargets":[],"Aces":[{"PrincipalSID":"S-1-5-21-307656423-3761733990-2565378310-512","PrincipalType":"Group","RightName":"Owns","IsInherited":false},{"PrincipalSID":"INLANEFREIGHT.HTB-S-1-5-32-548","PrincipalType":"Group","RightName":"GenericAll","IsInherited":false},{"PrincipalSID":"S-1-5-21-307656423-3761733990-2565378310-512","PrincipalType":"Group","RightName":"GenericAll","IsInherited":false},{"PrincipalSID":"S-1-5-21-307656423-3761733990-2565378310-526","PrincipalType":"Group","RightName":"AddKeyCredentialLink","IsInherited":true},{"PrincipalSID":"S-1-5-21-307656423-3761733990-2565378310-527","PrincipalType":"Group","RightName":"AddKeyCredentialLink","IsInherited":true},{"PrincipalSID":"S-1-5-21-307656423-3761733990-2565378310-1628","PrincipalType":"User","RightName":"WriteDacl","IsInherited":true},{"PrincipalSID":"S-1-5-21-307656423-3761733990-2565378310-1630","PrincipalType":"User","RightName":"WriteOwner","IsInherited":true},{"PrincipalSID":"S-1-5-21-307656423-3761733990-2565378310-519","PrincipalType":"Group","RightName":"GenericAll","IsInherited":true},{"PrincipalSID":"S-1-5-21-307656423-3761733990-2565378310-1627","PrincipalType":"User","RightName":"GenericAll","IsInherited":true},{"PrincipalSID":"INLANEFREIGHT.HTB-S-1-5-32-544","PrincipalType":"Group","RightName":"WriteDacl","IsInherited":true},{"PrincipalSID":"INLANEFREIGHT.HTB-S-1-5-32-544","PrincipalType":"Group","RightName":"WriteOwner","IsInherited":true},{"PrincipalSID":"INLANEFREIGHT.HTB-S-1-5-32-544","PrincipalType":"Group","RightName":"AllExtendedRights","IsInherited":true},{"PrincipalSID":"INLANEFREIGHT.HTB-S-1-5-32-544","PrincipalType":"Group","RightName":"GenericWrite","IsInherited":true}],"ObjectIdentifier":"S-1-5-21-307656423-3761733990-2565378310-1639","IsDeleted":false,"IsACLProtected":false},{"Properties":{"domain":"INLANEFREIGHT.HTB","name":"ALINA@INLANEFREIGHT.HTB","distinguishedname":"CN=ALINA,CN=USERS,DC=INLANEFREIGHT,DC=HTB","domainsid":"S-1-5-21-307656423-3761733990-2565378310","highvalue":false,"samaccountname":"alina","description":null,"whencreated":1674137580,"sensitive":false,"dontreqpreauth":false,"passwordnotreqd":false,"unconstraineddelegation":false,"pwdneverexpires":true,"enabled":true,"trustedtoauth":false,"lastlogon":0,"lastlogontimestamp":-1,"pwdlastset":1677252694,"serviceprincipalnames":[],"hasspn":false,"displayname":"alina","email":null,"title":null,"homedirectory":null,"userpassword":null,"unixpassword":null,"unicodepassword":null,"sfupassword":null,"logonscript":null,"admincount":false,"sidhistory":[]},"AllowedToDelegate":[],"PrimaryGroupSID":"S-1-5-21-307656423-3761733990-2565378310-513","HasSIDHistory":[],"SPNTargets":[],"Aces":[{"PrincipalSID":"S-1-5-21-307656423-3761733990-2565378310-512","PrincipalType":"Group","RightName":"Owns","IsInherited":false},{"PrincipalSID":"INLANEFREIGHT.HTB-S-1-5-32-548","PrincipalType":"Group","RightName":"GenericAll","IsInherited":false},{"PrincipalSID":"S-1-5-21-307656423-3761733990-2565378310-512","PrincipalType":"Group","RightName":"GenericAll","IsInherited":false},{"PrincipalSID":"S-1-5-21-307656423-3761733990-2565378310-526","PrincipalType":"Group","RightName":"AddKeyCredentialLink","IsInherited":true},{"PrincipalSID":"S-1-5-21-307656423-3761733990-2565378310-527","PrincipalType":"Group","RightName":"AddKeyCredentialLink","IsInherited":true},{"PrincipalSID":"S-1-5-21-307656423-3761733990-2565378310-1628","PrincipalType":"User","RightName":"WriteDacl","IsInherited":true},{"PrincipalSID":"S-1-5-21-307656423-3761733990-2565378310-1630","PrincipalType":"User","RightName":"WriteOwner","IsInherited":true},{"PrincipalSID":"S-1-5-21-307656423-3761733990-2565378310-519","PrincipalType":"Group","RightName":"GenericAll","IsInherited":true},{"PrincipalSID":"S-1-5-21-307656423-3761733990-2565378310-1627","PrincipalType":"User","RightName":"GenericAll","IsInherited":true},{"PrincipalSID":"INLANEFREIGHT.HTB-S-1-5-32-544","PrincipalType":"Group","RightName":"WriteDacl","IsInherited":true},{"PrincipalSID":"INLANEFREIGHT.HTB-S-1-5-32-544","PrincipalType":"Group","RightName":"WriteOwner","IsInherited":true},{"PrincipalSID":"INLANEFREIGHT.HTB-S-1-5-32-544","PrincipalType":"Group","RightName":"AllExtendedRights","IsInherited":true},{"PrincipalSID":"INLANEFREIGHT.HTB-S-1-5-32-544","PrincipalType":"Group","RightName":"GenericWrite","IsInherited":true}],"ObjectIdentifier":"S-1-5-21-307656423-3761733990-2565378310-1626","IsDeleted":false,"IsACLProtected":false},{"Properties":{"domain":"INLANEFREIGHT.HTB","name":"SVC_BACKUPS@INLANEFREIGHT.HTB","distinguishedname":"CN=SVC_BACKUPS,CN=USERS,DC=INLANEFREIGHT,DC=HTB","domainsid":"S-1-5-21-307656423-3761733990-2565378310","highvalue":false,"samaccountname":"svc_backups","description":null,"whencreated":1675829915,"sensitive":false,"dontreqpreauth":false,"passwordnotreqd":false,"unconstraineddelegation":false,"pwdneverexpires":true,"enabled":true,"trustedtoauth":false,"lastlogon":0,"lastlogontimestamp":-1,"pwdlastset":1675851515,"serviceprincipalnames":["DC01/backups.inlanefreight.htb"],"hasspn":true,"displayname":"svc_backups","email":null,"title":null,"homedirectory":null,"userpassword":null,"unixpassword":null,"unicodepassword":null,"sfupassword":null,"logonscript":null,"admincount":false,"sidhistory":[]},"AllowedToDelegate":[],"PrimaryGroupSID":"S-1-5-21-307656423-3761733990-2565378310-513","HasSIDHistory":[],"SPNTargets":[],"Aces":[{"PrincipalSID":"S-1-5-21-307656423-3761733990-2565378310-512","PrincipalType":"Group","RightName":"Owns","IsInherited":false},{"PrincipalSID":"INLANEFREIGHT.HTB-S-1-5-32-548","PrincipalType":"Group","RightName":"GenericAll","IsInherited":false},{"PrincipalSID":"S-1-5-21-307656423-3761733990-2565378310-512","PrincipalType":"Group","RightName":"GenericAll","IsInherited":false},{"PrincipalSID":"S-1-5-21-307656423-3761733990-2565378310-526","PrincipalType":"Group","RightName":"AddKeyCredentialLink","IsInherited":true},{"PrincipalSID":"S-1-5-21-307656423-3761733990-2565378310-527","PrincipalType":"Group","RightName":"AddKeyCredentialLink","IsInherited":true},{"PrincipalSID":"S-1-5-21-307656423-3761733990-2565378310-1628","PrincipalType":"User","RightName":"WriteDacl","IsInherited":true},{"PrincipalSID":"S-1-5-21-307656423-3761733990-2565378310-1630","PrincipalType":"User","RightName":"WriteOwner","IsInherited":true},{"PrincipalSID":"S-1-5-21-307656423-3761733990-2565378310-519","PrincipalType":"Group","RightName":"GenericAll","IsInherited":true},{"PrincipalSID":"S-1-5-21-307656423-3761733990-2565378310-1627","PrincipalType":"User","RightName":"GenericAll","IsInherited":true},{"PrincipalSID":"INLANEFREIGHT.HTB-S-1-5-32-544","PrincipalType":"Group","RightName":"WriteDacl","IsInherited":true},{"PrincipalSID":"INLANEFREIGHT.HTB-S-1-5-32-544","PrincipalType":"Group","RightName":"WriteOwner","IsInherited":true},{"PrincipalSID":"INLANEFREIGHT.HTB-S-1-5-32-544","PrincipalType":"Group","RightName":"AllExtendedRights","IsInherited":true},{"PrincipalSID":"INLANEFREIGHT.HTB-S-1-5-32-544","PrincipalType":"Group","RightName":"GenericWrite","IsInherited":true}],"ObjectIdentifier":"S-1-5-21-307656423-3761733990-2565378310-1640","IsDeleted":false,"IsACLProtected":false},{"Properties":{"domain":"INLANEFREIGHT.HTB","name":"ROSY@INLANEFREIGHT.HTB","distinguishedname":"CN=ROSY,CN=USERS,DC=INLANEFREIGHT,DC=HTB","domainsid":"S-1-5-21-307656423-3761733990-2565378310","highvalue":false,"samaccountname":"rosy","description":null,"whencreated":1674117570,"sensitive":false,"dontreqpreauth":false,"passwordnotreqd":false,"unconstraineddelegation":false,"pwdneverexpires":true,"enabled":true,"trustedtoauth":false,"lastlogon":1674158060,"lastlogontimestamp":1674147042,"pwdlastset":1677252721,"serviceprincipalnames":[],"hasspn":false,"displayname":"rosy","email":null,"title":null,"homedirectory":null,"userpassword":null,"unixpassword":null,"unicodepassword":null,"sfupassword":null,"logonscript":null,"admincount":false,"sidhistory":[]},"AllowedToDelegate":[],"PrimaryGroupSID":"S-1-5-21-307656423-3761733990-2565378310-513","HasSIDHistory":[],"SPNTargets":[],"Aces":[{"PrincipalSID":"S-1-5-21-307656423-3761733990-2565378310-512","PrincipalType":"Group","RightName":"Owns","IsInherited":false},{"PrincipalSID":"INLANEFREIGHT.HTB-S-1-5-32-548","PrincipalType":"Group","RightName":"GenericAll","IsInherited":false},{"PrincipalSID":"S-1-5-21-307656423-3761733990-2565378310-512","PrincipalType":"Group","RightName":"GenericAll","IsInherited":false},{"PrincipalSID":"S-1-5-21-307656423-3761733990-2565378310-1620","PrincipalType":"Group","RightName":"ForceChangePassword","IsInherited":false},{"PrincipalSID":"S-1-5-21-307656423-3761733990-2565378310-526","PrincipalType":"Group","RightName":"AddKeyCredentialLink","IsInherited":true},{"PrincipalSID":"S-1-5-21-307656423-3761733990-2565378310-527","PrincipalType":"Group","RightName":"AddKeyCredentialLink","IsInherited":true},{"PrincipalSID":"S-1-5-21-307656423-3761733990-2565378310-1628","PrincipalType":"User","RightName":"WriteDacl","IsInherited":true},{"PrincipalSID":"S-1-5-21-307656423-3761733990-2565378310-1630","PrincipalType":"User","RightName":"WriteOwner","IsInherited":true},{"PrincipalSID":"S-1-5-21-307656423-3761733990-2565378310-519","PrincipalType":"Group","RightName":"GenericAll","IsInherited":true},{"PrincipalSID":"S-1-5-21-307656423-3761733990-2565378310-1627","PrincipalType":"User","RightName":"GenericAll","IsInherited":true},{"PrincipalSID":"INLANEFREIGHT.HTB-S-1-5-32-544","PrincipalType":"Group","RightName":"WriteDacl","IsInherited":true},{"PrincipalSID":"INLANEFREIGHT.HTB-S-1-5-32-544","PrincipalType":"Group","RightName":"WriteOwner","IsInherited":true},{"PrincipalSID":"INLANEFREIGHT.HTB-S-1-5-32-544","PrincipalType":"Group","RightName":"AllExtendedRights","IsInherited":true},{"PrincipalSID":"INLANEFREIGHT.HTB-S-1-5-32-544","PrincipalType":"Group","RightName":"GenericWrite","IsInherited":true}],"ObjectIdentifier":"S-1-5-21-307656423-3761733990-2565378310-1621","IsDeleted":false,"IsACLProtected":false},{"Properties":{"domain":"INLANEFREIGHT.HTB","name":"DANIELA@INLANEFREIGHT.HTB","distinguishedname":"CN=DANIELA,CN=USERS,DC=INLANEFREIGHT,DC=HTB","domainsid":"S-1-5-21-307656423-3761733990-2565378310","highvalue":false,"samaccountname":"daniela","description":null,"whencreated":1674137706,"sensitive":false,"dontreqpreauth":false,"passwordnotreqd":false,"unconstraineddelegation":false,"pwdneverexpires":true,"enabled":true,"trustedtoauth":false,"lastlogon":0,"lastlogontimestamp":-1,"pwdlastset":1677252948,"serviceprincipalnames":[],"hasspn":false,"displayname":"daniela","email":null,"title":null,"homedirectory":null,"userpassword":null,"unixpassword":null,"unicodepassword":null,"sfupassword":null,"logonscript":null,"admincount":false,"sidhistory":[]},"AllowedToDelegate":[],"PrimaryGroupSID":"S-1-5-21-307656423-3761733990-2565378310-513","HasSIDHistory":[],"SPNTargets":[],"Aces":[{"PrincipalSID":"S-1-5-21-307656423-3761733990-2565378310-512","PrincipalType":"Group","RightName":"Owns","IsInherited":false},{"PrincipalSID":"INLANEFREIGHT.HTB-S-1-5-32-548","PrincipalType":"Group","RightName":"GenericAll","IsInherited":false},{"PrincipalSID":"S-1-5-21-307656423-3761733990-2565378310-512","PrincipalType":"Group","RightName":"GenericAll","IsInherited":false},{"PrincipalSID":"S-1-5-21-307656423-3761733990-2565378310-526","PrincipalType":"Group","RightName":"AddKeyCredentialLink","IsInherited":true},{"PrincipalSID":"S-1-5-21-307656423-3761733990-2565378310-527","PrincipalType":"Group","RightName":"AddKeyCredentialLink","IsInherited":true},{"PrincipalSID":"S-1-5-21-307656423-3761733990-2565378310-1628","PrincipalType":"User","RightName":"WriteDacl","IsInherited":true},{"PrincipalSID":"S-1-5-21-307656423-3761733990-2565378310-1630","PrincipalType":"User","RightName":"WriteOwner","IsInherited":true},{"PrincipalSID":"S-1-5-21-307656423-3761733990-2565378310-519","PrincipalType":"Group","RightName":"GenericAll","IsInherited":true},{"PrincipalSID":"S-1-5-21-307656423-3761733990-2565378310-1627","PrincipalType":"User","RightName":"GenericAll","IsInherited":true},{"PrincipalSID":"INLANEFREIGHT.HTB-S-1-5-32-544","PrincipalType":"Group","RightName":"WriteDacl","IsInherited":true},{"PrincipalSID":"INLANEFREIGHT.HTB-S-1-5-32-544","PrincipalType":"Group","RightName":"WriteOwner","IsInherited":true},{"PrincipalSID":"INLANEFREIGHT.HTB-S-1-5-32-544","PrincipalType":"Group","RightName":"AllExtendedRights","IsInherited":true},{"PrincipalSID":"INLANEFREIGHT.HTB-S-1-5-32-544","PrincipalType":"Group","RightName":"GenericWrite","IsInherited":true}],"ObjectIdentifier":"S-1-5-21-307656423-3761733990-2565378310-1633","IsDeleted":false,"IsACLProtected":false},{"Properties":{"domain":"INLANEFREIGHT.HTB","name":"JULIETTE@INLANEFREIGHT.HTB","distinguishedname":"CN=JULIETTE,CN=USERS,DC=INLANEFREIGHT,DC=HTB","domainsid":"S-1-5-21-307656423-3761733990-2565378310","highvalue":false,"samaccountname":"juliette","description":null,"whencreated":1674137546,"sensitive":false,"dontreqpreauth":false,"passwordnotreqd":false,"unconstraineddelegation":false,"pwdneverexpires":true,"enabled":true,"trustedtoauth":false,"lastlogon":0,"lastlogontimestamp":-1,"pwdlastset":1677252847,"serviceprincipalnames":[],"hasspn":false,"displayname":"juliette","email":null,"title":null,"homedirectory":null,"userpassword":null,"unixpassword":null,"unicodepassword":null,"sfupassword":null,"logonscript":null,"admincount":false,"sidhistory":[]},"AllowedToDelegate":[],"PrimaryGroupSID":"S-1-5-21-307656423-3761733990-2565378310-513","HasSIDHistory":[],"SPNTargets":[],"Aces":[{"PrincipalSID":"S-1-5-21-307656423-3761733990-2565378310-512","PrincipalType":"Group","RightName":"Owns","IsInherited":false},{"PrincipalSID":"INLANEFREIGHT.HTB-S-1-5-32-548","PrincipalType":"Group","RightName":"GenericAll","IsInherited":false},{"PrincipalSID":"S-1-5-21-307656423-3761733990-2565378310-512","PrincipalType":"Group","RightName":"GenericAll","IsInherited":false},{"PrincipalSID":"S-1-5-21-307656423-3761733990-2565378310-1627","PrincipalType":"User","RightName":"GenericAll","IsInherited":false},{"PrincipalSID":"S-1-5-21-307656423-3761733990-2565378310-1628","PrincipalType":"User","RightName":"WriteDacl","IsInherited":false},{"PrincipalSID":"S-1-5-21-307656423-3761733990-2565378310-1630","PrincipalType":"User","RightName":"WriteOwner","IsInherited":false},{"PrincipalSID":"S-1-5-21-307656423-3761733990-2565378310-526","PrincipalType":"Group","RightName":"AddKeyCredentialLink","IsInherited":true},{"PrincipalSID":"S-1-5-21-307656423-3761733990-2565378310-527","PrincipalType":"Group","RightName":"AddKeyCredentialLink","IsInherited":true},{"PrincipalSID":"S-1-5-21-307656423-3761733990-2565378310-1628","PrincipalType":"User","RightName":"WriteDacl","IsInherited":true},{"PrincipalSID":"S-1-5-21-307656423-3761733990-2565378310-1630","PrincipalType":"User","RightName":"WriteOwner","IsInherited":true},{"PrincipalSID":"S-1-5-21-307656423-3761733990-2565378310-519","PrincipalType":"Group","RightName":"GenericAll","IsInherited":true},{"PrincipalSID":"S-1-5-21-307656423-3761733990-2565378310-1627","PrincipalType":"User","RightName":"GenericAll","IsInherited":true},{"PrincipalSID":"INLANEFREIGHT.HTB-S-1-5-32-544","PrincipalType":"Group","RightName":"WriteDacl","IsInherited":true},{"PrincipalSID":"INLANEFREIGHT.HTB-S-1-5-32-544","PrincipalType":"Group","RightName":"WriteOwner","IsInherited":true},{"PrincipalSID":"INLANEFREIGHT.HTB-S-1-5-32-544","PrincipalType":"Group","RightName":"AllExtendedRights","IsInherited":true},{"PrincipalSID":"INLANEFREIGHT.HTB-S-1-5-32-544","PrincipalType":"Group","RightName":"GenericWrite","IsInherited":true}],"ObjectIdentifier":"S-1-5-21-307656423-3761733990-2565378310-1624","IsDeleted":false,"IsACLProtected":false},{"Properties":{"domain":"INLANEFREIGHT.HTB","name":"GENESIS@INLANEFREIGHT.HTB","distinguishedname":"CN=GENESIS,CN=USERS,DC=INLANEFREIGHT,DC=HTB","domainsid":"S-1-5-21-307656423-3761733990-2565378310","highvalue":false,"samaccountname":"genesis","description":null,"whencreated":1674137738,"sensitive":false,"dontreqpreauth":false,"passwordnotreqd":false,"unconstraineddelegation":false,"pwdneverexpires":true,"enabled":true,"trustedtoauth":false,"lastlogon":0,"lastlogontimestamp":-1,"pwdlastset":1674159338,"serviceprincipalnames":[],"hasspn":false,"displayname":"genesis","email":null,"title":null,"homedirectory":null,"userpassword":null,"unixpassword":null,"unicodepassword":null,"sfupassword":null,"logonscript":null,"admincount":false,"sidhistory":[]},"AllowedToDelegate":[],"PrimaryGroupSID":"S-1-5-21-307656423-3761733990-2565378310-513","HasSIDHistory":[],"SPNTargets":[],"Aces":[{"PrincipalSID":"S-1-5-21-307656423-3761733990-2565378310-512","PrincipalType":"Group","RightName":"Owns","IsInherited":false},{"PrincipalSID":"INLANEFREIGHT.HTB-S-1-5-32-548","PrincipalType":"Group","RightName":"GenericAll","IsInherited":false},{"PrincipalSID":"S-1-5-21-307656423-3761733990-2565378310-512","PrincipalType":"Group","RightName":"GenericAll","IsInherited":false},{"PrincipalSID":"S-1-5-21-307656423-3761733990-2565378310-526","PrincipalType":"Group","RightName":"AddKeyCredentialLink","IsInherited":true},{"PrincipalSID":"S-1-5-21-307656423-3761733990-2565378310-527","PrincipalType":"Group","RightName":"AddKeyCredentialLink","IsInherited":true},{"PrincipalSID":"S-1-5-21-307656423-3761733990-2565378310-1628","PrincipalType":"User","RightName":"WriteDacl","IsInherited":true},{"PrincipalSID":"S-1-5-21-307656423-3761733990-2565378310-1630","PrincipalType":"User","RightName":"WriteOwner","IsInherited":true},{"PrincipalSID":"S-1-5-21-307656423-3761733990-2565378310-519","PrincipalType":"Group","RightName":"GenericAll","IsInherited":true},{"PrincipalSID":"S-1-5-21-307656423-3761733990-2565378310-1627","PrincipalType":"User","RightName":"GenericAll","IsInherited":true},{"PrincipalSID":"INLANEFREIGHT.HTB-S-1-5-32-544","PrincipalType":"Group","RightName":"WriteDacl","IsInherited":true},{"PrincipalSID":"INLANEFREIGHT.HTB-S-1-5-32-544","PrincipalType":"Group","RightName":"WriteOwner","IsInherited":true},{"PrincipalSID":"INLANEFREIGHT.HTB-S-1-5-32-544","PrincipalType":"Group","RightName":"AllExtendedRights","IsInherited":true},{"PrincipalSID":"INLANEFREIGHT.HTB-S-1-5-32-544","PrincipalType":"Group","RightName":"GenericWrite","IsInherited":true}],"ObjectIdentifier":"S-1-5-21-307656423-3761733990-2565378310-1635","IsDeleted":false,"IsACLProtected":false},{"Properties":{"domain":"INLANEFREIGHT.HTB","name":"GRACE@INLANEFREIGHT.HTB","distinguishedname":"CN=GRACE,CN=USERS,DC=INLANEFREIGHT,DC=HTB","domainsid":"S-1-5-21-307656423-3761733990-2565378310","highvalue":false,"samaccountname":"grace","description":null,"whencreated":1674117510,"sensitive":false,"dontreqpreauth":false,"passwordnotreqd":false,"unconstraineddelegation":false,"pwdneverexpires":true,"enabled":true,"trustedtoauth":false,"lastlogon":1674154890,"lastlogontimestamp":1674154890,"pwdlastset":1677252706,"serviceprincipalnames":[],"hasspn":false,"displayname":"grace","email":null,"title":null,"homedirectory":null,"userpassword":null,"unixpassword":null,"unicodepassword":null,"sfupassword":null,"logonscript":null,"admincount":false,"sidhistory":[]},"AllowedToDelegate":[],"PrimaryGroupSID":"S-1-5-21-307656423-3761733990-2565378310-513","HasSIDHistory":[],"SPNTargets":[],"Aces":[{"PrincipalSID":"S-1-5-21-307656423-3761733990-2565378310-512","PrincipalType":"Group","RightName":"Owns","IsInherited":false},{"PrincipalSID":"INLANEFREIGHT.HTB-S-1-5-32-548","PrincipalType":"Group","RightName":"GenericAll","IsInherited":false},{"PrincipalSID":"S-1-5-21-307656423-3761733990-2565378310-512","PrincipalType":"Group","RightName":"GenericAll","IsInherited":false},{"PrincipalSID":"S-1-5-21-307656423-3761733990-2565378310-526","PrincipalType":"Group","RightName":"AddKeyCredentialLink","IsInherited":true},{"PrincipalSID":"S-1-5-21-307656423-3761733990-2565378310-527","PrincipalType":"Group","RightName":"AddKeyCredentialLink","IsInherited":true},{"PrincipalSID":"S-1-5-21-307656423-3761733990-2565378310-1628","PrincipalType":"User","RightName":"WriteDacl","IsInherited":true},{"PrincipalSID":"S-1-5-21-307656423-3761733990-2565378310-1630","PrincipalType":"User","RightName":"WriteOwner","IsInherited":true},{"PrincipalSID":"S-1-5-21-307656423-3761733990-2565378310-519","PrincipalType":"Group","RightName":"GenericAll","IsInherited":true},{"PrincipalSID":"S-1-5-21-307656423-3761733990-2565378310-1627","PrincipalType":"User","RightName":"GenericAll","IsInherited":true},{"PrincipalSID":"INLANEFREIGHT.HTB-S-1-5-32-544","PrincipalType":"Group","RightName":"WriteDacl","IsInherited":true},{"PrincipalSID":"INLANEFREIGHT.HTB-S-1-5-32-544","PrincipalType":"Group","RightName":"WriteOwner","IsInherited":true},{"PrincipalSID":"INLANEFREIGHT.HTB-S-1-5-32-544","PrincipalType":"Group","RightName":"AllExtendedRights","IsInherited":true},{"PrincipalSID":"INLANEFREIGHT.HTB-S-1-5-32-544","PrincipalType":"Group","RightName":"GenericWrite","IsInherited":true}],"ObjectIdentifier":"S-1-5-21-307656423-3761733990-2565378310-1619","IsDeleted":false,"IsACLProtected":false},{"Properties":{"domain":"INLANEFREIGHT.HTB","name":"CHERLY@INLANEFREIGHT.HTB","distinguishedname":"CN=CHERLY,CN=USERS,DC=INLANEFREIGHT,DC=HTB","domainsid":"S-1-5-21-307656423-3761733990-2565378310","highvalue":false,"samaccountname":"cherly","description":null,"whencreated":1674137720,"sensitive":false,"dontreqpreauth":false,"passwordnotreqd":false,"unconstraineddelegation":false,"pwdneverexpires":true,"enabled":true,"trustedtoauth":false,"lastlogon":0,"lastlogontimestamp":-1,"pwdlastset":1677252964,"serviceprincipalnames":[],"hasspn":false,"displayname":"cherly","email":null,"title":null,"homedirectory":null,"userpassword":null,"unixpassword":null,"unicodepassword":null,"sfupassword":null,"logonscript":null,"admincount":false,"sidhistory":[]},"AllowedToDelegate":[],"PrimaryGroupSID":"S-1-5-21-307656423-3761733990-2565378310-513","HasSIDHistory":[],"SPNTargets":[],"Aces":[{"PrincipalSID":"S-1-5-21-307656423-3761733990-2565378310-512","PrincipalType":"Group","RightName":"Owns","IsInherited":false},{"PrincipalSID":"INLANEFREIGHT.HTB-S-1-5-32-548","PrincipalType":"Group","RightName":"GenericAll","IsInherited":false},{"PrincipalSID":"S-1-5-21-307656423-3761733990-2565378310-512","PrincipalType":"Group","RightName":"GenericAll","IsInherited":false},{"PrincipalSID":"S-1-5-21-307656423-3761733990-2565378310-526","PrincipalType":"Group","RightName":"AddKeyCredentialLink","IsInherited":true},{"PrincipalSID":"S-1-5-21-307656423-3761733990-2565378310-527","PrincipalType":"Group","RightName":"AddKeyCredentialLink","IsInherited":true},{"PrincipalSID":"S-1-5-21-307656423-3761733990-2565378310-1628","PrincipalType":"User","RightName":"WriteDacl","IsInherited":true},{"PrincipalSID":"S-1-5-21-307656423-3761733990-2565378310-1630","PrincipalType":"User","RightName":"WriteOwner","IsInherited":true},{"PrincipalSID":"S-1-5-21-307656423-3761733990-2565378310-519","PrincipalType":"Group","RightName":"GenericAll","IsInherited":true},{"PrincipalSID":"S-1-5-21-307656423-3761733990-2565378310-1627","PrincipalType":"User","RightName":"GenericAll","IsInherited":true},{"PrincipalSID":"INLANEFREIGHT.HTB-S-1-5-32-544","PrincipalType":"Group","RightName":"WriteDacl","IsInherited":true},{"PrincipalSID":"INLANEFREIGHT.HTB-S-1-5-32-544","PrincipalType":"Group","RightName":"WriteOwner","IsInherited":true},{"PrincipalSID":"INLANEFREIGHT.HTB-S-1-5-32-544","PrincipalType":"Group","RightName":"AllExtendedRights","IsInherited":true},{"PrincipalSID":"INLANEFREIGHT.HTB-S-1-5-32-544","PrincipalType":"Group","RightName":"GenericWrite","IsInherited":true}],"ObjectIdentifier":"S-1-5-21-307656423-3761733990-2565378310-1634","IsDeleted":false,"IsACLProtected":false},{"Properties":{"domain":"INLANEFREIGHT.HTB","name":"HTB-STUDENT@INLANEFREIGHT.HTB","distinguishedname":"CN=HTB-STUDENT,CN=USERS,DC=INLANEFREIGHT,DC=HTB","domainsid":"S-1-5-21-307656423-3761733990-2565378310","highvalue":false,"samaccountname":"htb-student","description":null,"whencreated":1673340758,"sensitive":false,"dontreqpreauth":false,"passwordnotreqd":false,"unconstraineddelegation":false,"pwdneverexpires":true,"enabled":true,"trustedtoauth":false,"lastlogon":1677321780,"lastlogontimestamp":1676474791,"pwdlastset":1677321734,"serviceprincipalnames":[],"hasspn":false,"displayname":"htb-student","email":null,"title":null,"homedirectory":null,"userpassword":null,"unixpassword":null,"unicodepassword":null,"sfupassword":null,"logonscript":null,"admincount":false,"sidhistory":[]},"AllowedToDelegate":[],"PrimaryGroupSID":"S-1-5-21-307656423-3761733990-2565378310-513","HasSIDHistory":[],"SPNTargets":[],"Aces":[{"PrincipalSID":"S-1-5-21-307656423-3761733990-2565378310-512","PrincipalType":"Group","RightName":"Owns","IsInherited":false},{"PrincipalSID":"INLANEFREIGHT.HTB-S-1-5-32-548","PrincipalType":"Group","RightName":"GenericAll","IsInherited":false},{"PrincipalSID":"S-1-5-21-307656423-3761733990-2565378310-512","PrincipalType":"Group","RightName":"GenericAll","IsInherited":false},{"PrincipalSID":"S-1-5-21-307656423-3761733990-2565378310-526","PrincipalType":"Group","RightName":"AddKeyCredentialLink","IsInherited":true},{"PrincipalSID":"S-1-5-21-307656423-3761733990-2565378310-527","PrincipalType":"Group","RightName":"AddKeyCredentialLink","IsInherited":true},{"PrincipalSID":"S-1-5-21-307656423-3761733990-2565378310-1628","PrincipalType":"User","RightName":"WriteDacl","IsInherited":true},{"PrincipalSID":"S-1-5-21-307656423-3761733990-2565378310-1630","PrincipalType":"User","RightName":"WriteOwner","IsInherited":true},{"PrincipalSID":"S-1-5-21-307656423-3761733990-2565378310-519","PrincipalType":"Group","RightName":"GenericAll","IsInherited":true},{"PrincipalSID":"S-1-5-21-307656423-3761733990-2565378310-1627","PrincipalType":"User","RightName":"GenericAll","IsInherited":true},{"PrincipalSID":"INLANEFREIGHT.HTB-S-1-5-32-544","PrincipalType":"Group","RightName":"WriteDacl","IsInherited":true},{"PrincipalSID":"INLANEFREIGHT.HTB-S-1-5-32-544","PrincipalType":"Group","RightName":"WriteOwner","IsInherited":true},{"PrincipalSID":"INLANEFREIGHT.HTB-S-1-5-32-544","PrincipalType":"Group","RightName":"AllExtendedRights","IsInherited":true},{"PrincipalSID":"INLANEFREIGHT.HTB-S-1-5-32-544","PrincipalType":"Group","RightName":"GenericWrite","IsInherited":true}],"ObjectIdentifier":"S-1-5-21-307656423-3761733990-2565378310-1609","IsDeleted":false,"IsACLProtected":false},{"Properties":{"domain":"INLANEFREIGHT.HTB","name":"NICOLE@INLANEFREIGHT.HTB","distinguishedname":"CN=NICOLE,CN=USERS,DC=INLANEFREIGHT,DC=HTB","domainsid":"S-1-5-21-307656423-3761733990-2565378310","highvalue":false,"samaccountname":"nicole","description":null,"whencreated":1674137663,"sensitive":false,"dontreqpreauth":false,"passwordnotreqd":false,"unconstraineddelegation":false,"pwdneverexpires":true,"enabled":true,"trustedtoauth":false,"lastlogon":0,"lastlogontimestamp":-1,"pwdlastset":1677252919,"serviceprincipalnames":["HTTP/webserver"],"hasspn":true,"displayname":"nicole","email":null,"title":null,"homedirectory":null,"userpassword":null,"unixpassword":null,"unicodepassword":null,"sfupassword":null,"logonscript":null,"admincount":false,"sidhistory":[]},"AllowedToDelegate":[],"PrimaryGroupSID":"S-1-5-21-307656423-3761733990-2565378310-513","HasSIDHistory":[],"SPNTargets":[],"Aces":[{"PrincipalSID":"S-1-5-21-307656423-3761733990-2565378310-1632","PrincipalType":"User","RightName":"Owns","IsInherited":false},{"PrincipalSID":"INLANEFREIGHT.HTB-S-1-5-32-548","PrincipalType":"Group","RightName":"GenericAll","IsInherited":false},{"PrincipalSID":"S-1-5-21-307656423-3761733990-2565378310-512","PrincipalType":"Group","RightName":"GenericAll","IsInherited":false},{"PrincipalSID":"S-1-5-21-307656423-3761733990-2565378310-1630","PrincipalType":"User","RightName":"WriteSPN","IsInherited":false},{"PrincipalSID":"S-1-5-21-307656423-3761733990-2565378310-526","PrincipalType":"Group","RightName":"AddKeyCredentialLink","IsInherited":true},{"PrincipalSID":"S-1-5-21-307656423-3761733990-2565378310-527","PrincipalType":"Group","RightName":"AddKeyCredentialLink","IsInherited":true},{"PrincipalSID":"S-1-5-21-307656423-3761733990-2565378310-1628","PrincipalType":"User","RightName":"WriteDacl","IsInherited":true},{"PrincipalSID":"S-1-5-21-307656423-3761733990-2565378310-1630","PrincipalType":"User","RightName":"WriteOwner","IsInherited":true},{"PrincipalSID":"S-1-5-21-307656423-3761733990-2565378310-519","PrincipalType":"Group","RightName":"GenericAll","IsInherited":true},{"PrincipalSID":"S-1-5-21-307656423-3761733990-2565378310-1627","PrincipalType":"User","RightName":"GenericAll","IsInherited":true},{"PrincipalSID":"INLANEFREIGHT.HTB-S-1-5-32-544","PrincipalType":"Group","RightName":"WriteDacl","IsInherited":true},{"PrincipalSID":"INLANEFREIGHT.HTB-S-1-5-32-544","PrincipalType":"Group","RightName":"WriteOwner","IsInherited":true},{"PrincipalSID":"INLANEFREIGHT.HTB-S-1-5-32-544","PrincipalType":"Group","RightName":"AllExtendedRights","IsInherited":true},{"PrincipalSID":"INLANEFREIGHT.HTB-S-1-5-32-544","PrincipalType":"Group","RightName":"GenericWrite","IsInherited":true}],"ObjectIdentifier":"S-1-5-21-307656423-3761733990-2565378310-1631","IsDeleted":false,"IsACLProtected":false},{"Properties":{"domain":"INLANEFREIGHT.HTB","name":"SVC_TESTING@INLANEFREIGHT.HTB","distinguishedname":"CN=SVC_TESTING,CN=USERS,DC=INLANEFREIGHT,DC=HTB","domainsid":"S-1-5-21-307656423-3761733990-2565378310","highvalue":false,"samaccountname":"svc_testing","description":null,"whencreated":1675830092,"sensitive":false,"dontreqpreauth":true,"passwordnotreqd":false,"unconstraineddelegation":false,"pwdneverexpires":true,"enabled":true,"trustedtoauth":false,"lastlogon":0,"lastlogontimestamp":-1,"pwdlastset":1675851692,"serviceprincipalnames":[],"hasspn":false,"displayname":"svc_testing","email":null,"title":null,"homedirectory":null,"userpassword":null,"unixpassword":null,"unicodepassword":null,"sfupassword":null,"logonscript":null,"admincount":false,"sidhistory":[]},"AllowedToDelegate":[],"PrimaryGroupSID":"S-1-5-21-307656423-3761733990-2565378310-513","HasSIDHistory":[],"SPNTargets":[],"Aces":[{"PrincipalSID":"S-1-5-21-307656423-3761733990-2565378310-512","PrincipalType":"Group","RightName":"Owns","IsInherited":false},{"PrincipalSID":"INLANEFREIGHT.HTB-S-1-5-32-548","PrincipalType":"Group","RightName":"GenericAll","IsInherited":false},{"PrincipalSID":"S-1-5-21-307656423-3761733990-2565378310-512","PrincipalType":"Group","RightName":"GenericAll","IsInherited":false},{"PrincipalSID":"S-1-5-21-307656423-3761733990-2565378310-526","PrincipalType":"Group","RightName":"AddKeyCredentialLink","IsInherited":true},{"PrincipalSID":"S-1-5-21-307656423-3761733990-2565378310-527","PrincipalType":"Group","RightName":"AddKeyCredentialLink","IsInherited":true},{"PrincipalSID":"S-1-5-21-307656423-3761733990-2565378310-1628","PrincipalType":"User","RightName":"WriteDacl","IsInherited":true},{"PrincipalSID":"S-1-5-21-307656423-3761733990-2565378310-1630","PrincipalType":"User","RightName":"WriteOwner","IsInherited":true},{"PrincipalSID":"S-1-5-21-307656423-3761733990-2565378310-519","PrincipalType":"Group","RightName":"GenericAll","IsInherited":true},{"PrincipalSID":"S-1-5-21-307656423-3761733990-2565378310-1627","PrincipalType":"User","RightName":"GenericAll","IsInherited":true},{"PrincipalSID":"INLANEFREIGHT.HTB-S-1-5-32-544","PrincipalType":"Group","RightName":"WriteDacl","IsInherited":true},{"PrincipalSID":"INLANEFREIGHT.HTB-S-1-5-32-544","PrincipalType":"Group","RightName":"WriteOwner","IsInherited":true},{"PrincipalSID":"INLANEFREIGHT.HTB-S-1-5-32-544","PrincipalType":"Group","RightName":"AllExtendedRights","IsInherited":true},{"PrincipalSID":"INLANEFREIGHT.HTB-S-1-5-32-544","PrincipalType":"Group","RightName":"GenericWrite","IsInherited":true}],"ObjectIdentifier":"S-1-5-21-307656423-3761733990-2565378310-1641","IsDeleted":false,"IsACLProtected":false},{"Properties":{"domain":"INLANEFREIGHT.HTB","name":"JARED@INLANEFREIGHT.HTB","distinguishedname":"CN=JARED,OU=IT,OU=DEPARTMENTS,DC=INLANEFREIGHT,DC=HTB","domainsid":"S-1-5-21-307656423-3761733990-2565378310","highvalue":false,"samaccountname":"jared","description":null,"whencreated":1673880106,"sensitive":false,"dontreqpreauth":false,"passwordnotreqd":false,"unconstraineddelegation":false,"pwdneverexpires":true,"enabled":true,"trustedtoauth":false,"lastlogon":0,"lastlogontimestamp":-1,"pwdlastset":1673901706,"serviceprincipalnames":[],"hasspn":false,"displayname":"jared","email":null,"title":null,"homedirectory":null,"userpassword":null,"unixpassword":null,"unicodepassword":null,"sfupassword":null,"logonscript":null,"admincount":false,"sidhistory":[]},"AllowedToDelegate":[],"PrimaryGroupSID":"S-1-5-21-307656423-3761733990-2565378310-513","HasSIDHistory":[],"SPNTargets":[],"Aces":[{"PrincipalSID":"S-1-5-21-307656423-3761733990-2565378310-512","PrincipalType":"Group","RightName":"Owns","IsInherited":false},{"PrincipalSID":"INLANEFREIGHT.HTB-S-1-5-32-548","PrincipalType":"Group","RightName":"GenericAll","IsInherited":false},{"PrincipalSID":"S-1-5-21-307656423-3761733990-2565378310-512","PrincipalType":"Group","RightName":"GenericAll","IsInherited":false},{"PrincipalSID":"S-1-5-21-307656423-3761733990-2565378310-526","PrincipalType":"Group","RightName":"AddKeyCredentialLink","IsInherited":true},{"PrincipalSID":"S-1-5-21-307656423-3761733990-2565378310-527","PrincipalType":"Group","RightName":"AddKeyCredentialLink","IsInherited":true},{"PrincipalSID":"S-1-5-21-307656423-3761733990-2565378310-1628","PrincipalType":"User","RightName":"WriteDacl","IsInherited":true},{"PrincipalSID":"S-1-5-21-307656423-3761733990-2565378310-1630","PrincipalType":"User","RightName":"WriteOwner","IsInherited":true},{"PrincipalSID":"S-1-5-21-307656423-3761733990-2565378310-519","PrincipalType":"Group","RightName":"GenericAll","IsInherited":true},{"PrincipalSID":"S-1-5-21-307656423-3761733990-2565378310-1627","PrincipalType":"User","RightName":"GenericAll","IsInherited":true},{"PrincipalSID":"INLANEFREIGHT.HTB-S-1-5-32-544","PrincipalType":"Group","RightName":"WriteDacl","IsInherited":true},{"PrincipalSID":"INLANEFREIGHT.HTB-S-1-5-32-544","PrincipalType":"Group","RightName":"WriteOwner","IsInherited":true},{"PrincipalSID":"INLANEFREIGHT.HTB-S-1-5-32-544","PrincipalType":"Group","RightName":"AllExtendedRights","IsInherited":true},{"PrincipalSID":"INLANEFREIGHT.HTB-S-1-5-32-544","PrincipalType":"Group","RightName":"GenericWrite","IsInherited":true}],"ObjectIdentifier":"S-1-5-21-307656423-3761733990-2565378310-1616","IsDeleted":false,"IsACLProtected":false},{"Properties":{"domain":"INLANEFREIGHT.HTB","name":"INDHI@INLANEFREIGHT.HTB","distinguishedname":"CN=INDHI,CN=USERS,DC=INLANEFREIGHT,DC=HTB","domainsid":"S-1-5-21-307656423-3761733990-2565378310","highvalue":false,"samaccountname":"indhi","description":null,"whencreated":1674137646,"sensitive":false,"dontreqpreauth":false,"passwordnotreqd":false,"unconstraineddelegation":false,"pwdneverexpires":true,"enabled":true,"trustedtoauth":false,"lastlogon":0,"lastlogontimestamp":-1,"pwdlastset":1677252905,"serviceprincipalnames":[],"hasspn":false,"displayname":"indhi","email":null,"title":null,"homedirectory":null,"userpassword":null,"unixpassword":null,"unicodepassword":null,"sfupassword":null,"logonscript":null,"admincount":false,"sidhistory":[]},"AllowedToDelegate":[],"PrimaryGroupSID":"S-1-5-21-307656423-3761733990-2565378310-513","HasSIDHistory":[],"SPNTargets":[],"Aces":[{"PrincipalSID":"S-1-5-21-307656423-3761733990-2565378310-512","PrincipalType":"Group","RightName":"Owns","IsInherited":false},{"PrincipalSID":"INLANEFREIGHT.HTB-S-1-5-32-548","PrincipalType":"Group","RightName":"GenericAll","IsInherited":false},{"PrincipalSID":"S-1-5-21-307656423-3761733990-2565378310-512","PrincipalType":"Group","RightName":"GenericAll","IsInherited":false},{"PrincipalSID":"S-1-5-21-307656423-3761733990-2565378310-526","PrincipalType":"Group","RightName":"AddKeyCredentialLink","IsInherited":true},{"PrincipalSID":"S-1-5-21-307656423-3761733990-2565378310-527","PrincipalType":"Group","RightName":"AddKeyCredentialLink","IsInherited":true},{"PrincipalSID":"S-1-5-21-307656423-3761733990-2565378310-1628","PrincipalType":"User","RightName":"WriteDacl","IsInherited":true},{"PrincipalSID":"S-1-5-21-307656423-3761733990-2565378310-1630","PrincipalType":"User","RightName":"WriteOwner","IsInherited":true},{"PrincipalSID":"S-1-5-21-307656423-3761733990-2565378310-519","PrincipalType":"Group","RightName":"GenericAll","IsInherited":true},{"PrincipalSID":"S-1-5-21-307656423-3761733990-2565378310-1627","PrincipalType":"User","RightName":"GenericAll","IsInherited":true},{"PrincipalSID":"INLANEFREIGHT.HTB-S-1-5-32-544","PrincipalType":"Group","RightName":"WriteDacl","IsInherited":true},{"PrincipalSID":"INLANEFREIGHT.HTB-S-1-5-32-544","PrincipalType":"Group","RightName":"WriteOwner","IsInherited":true},{"PrincipalSID":"INLANEFREIGHT.HTB-S-1-5-32-544","PrincipalType":"Group","RightName":"AllExtendedRights","IsInherited":true},{"PrincipalSID":"INLANEFREIGHT.HTB-S-1-5-32-544","PrincipalType":"Group","RightName":"GenericWrite","IsInherited":true}],"ObjectIdentifier":"S-1-5-21-307656423-3761733990-2565378310-1630","IsDeleted":false,"IsACLProtected":false},{"Properties":{"domain":"INLANEFREIGHT.HTB","name":"RYAN@INLANEFREIGHT.HTB","distinguishedname":"CN=RYAN,CN=USERS,DC=INLANEFREIGHT,DC=HTB","domainsid":"S-1-5-21-307656423-3761733990-2565378310","highvalue":false,"samaccountname":"ryan","description":null,"whencreated":1673855944,"sensitive":false,"dontreqpreauth":false,"passwordnotreqd":false,"unconstraineddelegation":false,"pwdneverexpires":true,"enabled":true,"trustedtoauth":false,"lastlogon":0,"lastlogontimestamp":-1,"pwdlastset":1673877544,"serviceprincipalnames":[],"hasspn":false,"displayname":"ryan","email":null,"title":null,"homedirectory":null,"userpassword":null,"unixpassword":null,"unicodepassword":null,"sfupassword":null,"logonscript":null,"admincount":false,"sidhistory":[]},"AllowedToDelegate":[],"PrimaryGroupSID":"S-1-5-21-307656423-3761733990-2565378310-513","HasSIDHistory":[],"SPNTargets":[],"Aces":[{"PrincipalSID":"S-1-5-21-307656423-3761733990-2565378310-512","PrincipalType":"Group","RightName":"Owns","IsInherited":false},{"PrincipalSID":"INLANEFREIGHT.HTB-S-1-5-32-548","PrincipalType":"Group","RightName":"GenericAll","IsInherited":false},{"PrincipalSID":"S-1-5-21-307656423-3761733990-2565378310-512","PrincipalType":"Group","RightName":"GenericAll","IsInherited":false},{"PrincipalSID":"S-1-5-21-307656423-3761733990-2565378310-526","PrincipalType":"Group","RightName":"AddKeyCredentialLink","IsInherited":true},{"PrincipalSID":"S-1-5-21-307656423-3761733990-2565378310-527","PrincipalType":"Group","RightName":"AddKeyCredentialLink","IsInherited":true},{"PrincipalSID":"S-1-5-21-307656423-3761733990-2565378310-1628","PrincipalType":"User","RightName":"WriteDacl","IsInherited":true},{"PrincipalSID":"S-1-5-21-307656423-3761733990-2565378310-1630","PrincipalType":"User","RightName":"WriteOwner","IsInherited":true},{"PrincipalSID":"S-1-5-21-307656423-3761733990-2565378310-519","PrincipalType":"Group","RightName":"GenericAll","IsInherited":true},{"PrincipalSID":"S-1-5-21-307656423-3761733990-2565378310-1627","PrincipalType":"User","RightName":"GenericAll","IsInherited":true},{"PrincipalSID":"INLANEFREIGHT.HTB-S-1-5-32-544","PrincipalType":"Group","RightName":"WriteDacl","IsInherited":true},{"PrincipalSID":"INLANEFREIGHT.HTB-S-1-5-32-544","PrincipalType":"Group","RightName":"WriteOwner","IsInherited":true},{"PrincipalSID":"INLANEFREIGHT.HTB-S-1-5-32-544","PrincipalType":"Group","RightName":"AllExtendedRights","IsInherited":true},{"PrincipalSID":"INLANEFREIGHT.HTB-S-1-5-32-544","PrincipalType":"Group","RightName":"GenericWrite","IsInherited":true}],"ObjectIdentifier":"S-1-5-21-307656423-3761733990-2565378310-1615","IsDeleted":false,"IsACLProtected":false},{"Properties":{"domain":"INLANEFREIGHT.HTB","name":"CINTHIA@INLANEFREIGHT.HTB","distinguishedname":"CN=CINTHIA,CN=USERS,DC=INLANEFREIGHT,DC=HTB","domainsid":"S-1-5-21-307656423-3761733990-2565378310","highvalue":false,"samaccountname":"cinthia","description":null,"whencreated":1674137631,"sensitive":false,"dontreqpreauth":false,"passwordnotreqd":false,"unconstraineddelegation":false,"pwdneverexpires":true,"enabled":true,"trustedtoauth":false,"lastlogon":0,"lastlogontimestamp":-1,"pwdlastset":1674159231,"serviceprincipalnames":[],"hasspn":false,"displayname":"cinthia","email":null,"title":null,"homedirectory":null,"userpassword":null,"unixpassword":null,"unicodepassword":null,"sfupassword":null,"logonscript":null,"admincount":false,"sidhistory":[]},"AllowedToDelegate":[],"PrimaryGroupSID":"S-1-5-21-307656423-3761733990-2565378310-513","HasSIDHistory":[],"SPNTargets":[],"Aces":[{"PrincipalSID":"S-1-5-21-307656423-3761733990-2565378310-512","PrincipalType":"Group","RightName":"Owns","IsInherited":false},{"PrincipalSID":"INLANEFREIGHT.HTB-S-1-5-32-548","PrincipalType":"Group","RightName":"GenericAll","IsInherited":false},{"PrincipalSID":"S-1-5-21-307656423-3761733990-2565378310-512","PrincipalType":"Group","RightName":"GenericAll","IsInherited":false},{"PrincipalSID":"S-1-5-21-307656423-3761733990-2565378310-526","PrincipalType":"Group","RightName":"AddKeyCredentialLink","IsInherited":true},{"PrincipalSID":"S-1-5-21-307656423-3761733990-2565378310-527","PrincipalType":"Group","RightName":"AddKeyCredentialLink","IsInherited":true},{"PrincipalSID":"S-1-5-21-307656423-3761733990-2565378310-1628","PrincipalType":"User","RightName":"WriteDacl","IsInherited":true},{"PrincipalSID":"S-1-5-21-307656423-3761733990-2565378310-1630","PrincipalType":"User","RightName":"WriteOwner","IsInherited":true},{"PrincipalSID":"S-1-5-21-307656423-3761733990-2565378310-519","PrincipalType":"Group","RightName":"GenericAll","IsInherited":true},{"PrincipalSID":"S-1-5-21-307656423-3761733990-2565378310-1627","PrincipalType":"User","RightName":"GenericAll","IsInherited":true},{"PrincipalSID":"INLANEFREIGHT.HTB-S-1-5-32-544","PrincipalType":"Group","RightName":"WriteDacl","IsInherited":true},{"PrincipalSID":"INLANEFREIGHT.HTB-S-1-5-32-544","PrincipalType":"Group","RightName":"WriteOwner","IsInherited":true},{"PrincipalSID":"INLANEFREIGHT.HTB-S-1-5-32-544","PrincipalType":"Group","RightName":"AllExtendedRights","IsInherited":true},{"PrincipalSID":"INLANEFREIGHT.HTB-S-1-5-32-544","PrincipalType":"Group","RightName":"GenericWrite","IsInherited":true}],"ObjectIdentifier":"S-1-5-21-307656423-3761733990-2565378310-1629","IsDeleted":false,"IsACLProtected":false},{"Properties":{"domain":"INLANEFREIGHT.HTB","name":"ESTER@INLANEFREIGHT.HTB","distinguishedname":"CN=ESTER,CN=USERS,DC=INLANEFREIGHT,DC=HTB","domainsid":"S-1-5-21-307656423-3761733990-2565378310","highvalue":false,"samaccountname":"ester","description":null,"whencreated":1674137563,"sensitive":false,"dontreqpreauth":false,"passwordnotreqd":false,"unconstraineddelegation":false,"pwdneverexpires":true,"enabled":true,"trustedtoauth":true,"allowedtodelegate":["SVC/SRV01.inlanefreight.htb","SVC/SRV01"],"lastlogon":0,"lastlogontimestamp":-1,"pwdlastset":1677252859,"serviceprincipalnames":[],"hasspn":false,"displayname":"ester","email":null,"title":null,"homedirectory":null,"userpassword":null,"unixpassword":null,"unicodepassword":null,"sfupassword":null,"logonscript":null,"admincount":false,"sidhistory":[]},"AllowedToDelegate":[{"ObjectIdentifier":"S-1-5-21-307656423-3761733990-2565378310-1607","ObjectType":"Computer"}],"PrimaryGroupSID":"S-1-5-21-307656423-3761733990-2565378310-513","HasSIDHistory":[],"SPNTargets":[],"Aces":[{"PrincipalSID":"S-1-5-21-307656423-3761733990-2565378310-512","PrincipalType":"Group","RightName":"Owns","IsInherited":false},{"PrincipalSID":"INLANEFREIGHT.HTB-S-1-5-32-548","PrincipalType":"Group","RightName":"GenericAll","IsInherited":false},{"PrincipalSID":"S-1-5-21-307656423-3761733990-2565378310-512","PrincipalType":"Group","RightName":"GenericAll","IsInherited":false},{"PrincipalSID":"S-1-5-21-307656423-3761733990-2565378310-1627","PrincipalType":"User","RightName":"GenericAll","IsInherited":false},{"PrincipalSID":"S-1-5-21-307656423-3761733990-2565378310-526","PrincipalType":"Group","RightName":"AddKeyCredentialLink","IsInherited":true},{"PrincipalSID":"S-1-5-21-307656423-3761733990-2565378310-527","PrincipalType":"Group","RightName":"AddKeyCredentialLink","IsInherited":true},{"PrincipalSID":"S-1-5-21-307656423-3761733990-2565378310-1628","PrincipalType":"User","RightName":"WriteDacl","IsInherited":true},{"PrincipalSID":"S-1-5-21-307656423-3761733990-2565378310-1630","PrincipalType":"User","RightName":"WriteOwner","IsInherited":true},{"PrincipalSID":"S-1-5-21-307656423-3761733990-2565378310-519","PrincipalType":"Group","RightName":"GenericAll","IsInherited":true},{"PrincipalSID":"S-1-5-21-307656423-3761733990-2565378310-1627","PrincipalType":"User","RightName":"GenericAll","IsInherited":true},{"PrincipalSID":"INLANEFREIGHT.HTB-S-1-5-32-544","PrincipalType":"Group","RightName":"WriteDacl","IsInherited":true},{"PrincipalSID":"INLANEFREIGHT.HTB-S-1-5-32-544","PrincipalType":"Group","RightName":"WriteOwner","IsInherited":true},{"PrincipalSID":"INLANEFREIGHT.HTB-S-1-5-32-544","PrincipalType":"Group","RightName":"AllExtendedRights","IsInherited":true},{"PrincipalSID":"INLANEFREIGHT.HTB-S-1-5-32-544","PrincipalType":"Group","RightName":"GenericWrite","IsInherited":true}],"ObjectIdentifier":"S-1-5-21-307656423-3761733990-2565378310-1625","IsDeleted":false,"IsACLProtected":false},{"Properties":{"domain":"INLANEFREIGHT.HTB","name":"ELIESER@INLANEFREIGHT.HTB","distinguishedname":"CN=ELIESER,CN=USERS,DC=INLANEFREIGHT,DC=HTB","domainsid":"S-1-5-21-307656423-3761733990-2565378310","highvalue":false,"samaccountname":"elieser","description":null,"whencreated":1674137677,"sensitive":false,"dontreqpreauth":false,"passwordnotreqd":false,"unconstraineddelegation":false,"pwdneverexpires":true,"enabled":true,"trustedtoauth":false,"lastlogon":0,"lastlogontimestamp":-1,"pwdlastset":1677252937,"serviceprincipalnames":[],"hasspn":false,"displayname":"elieser","email":null,"title":null,"homedirectory":null,"userpassword":null,"unixpassword":null,"unicodepassword":null,"sfupassword":null,"logonscript":null,"admincount":false,"sidhistory":[]},"AllowedToDelegate":[],"PrimaryGroupSID":"S-1-5-21-307656423-3761733990-2565378310-513","HasSIDHistory":[],"SPNTargets":[],"Aces":[{"PrincipalSID":"S-1-5-21-307656423-3761733990-2565378310-512","PrincipalType":"Group","RightName":"Owns","IsInherited":false},{"PrincipalSID":"INLANEFREIGHT.HTB-S-1-5-32-548","PrincipalType":"Group","RightName":"GenericAll","IsInherited":false},{"PrincipalSID":"S-1-5-21-307656423-3761733990-2565378310-512","PrincipalType":"Group","RightName":"GenericAll","IsInherited":false},{"PrincipalSID":"S-1-5-21-307656423-3761733990-2565378310-513","PrincipalType":"Group","RightName":"AllExtendedRights","IsInherited":false},{"PrincipalSID":"S-1-5-21-307656423-3761733990-2565378310-513","PrincipalType":"Group","RightName":"GenericWrite","IsInherited":false},{"PrincipalSID":"S-1-5-21-307656423-3761733990-2565378310-1636","PrincipalType":"User","RightName":"AllExtendedRights","IsInherited":false},{"PrincipalSID":"S-1-5-21-307656423-3761733990-2565378310-526","PrincipalType":"Group","RightName":"AddKeyCredentialLink","IsInherited":true},{"PrincipalSID":"S-1-5-21-307656423-3761733990-2565378310-527","PrincipalType":"Group","RightName":"AddKeyCredentialLink","IsInherited":true},{"PrincipalSID":"S-1-5-21-307656423-3761733990-2565378310-1628","PrincipalType":"User","RightName":"WriteDacl","IsInherited":true},{"PrincipalSID":"S-1-5-21-307656423-3761733990-2565378310-1630","PrincipalType":"User","RightName":"WriteOwner","IsInherited":true},{"PrincipalSID":"S-1-5-21-307656423-3761733990-2565378310-519","PrincipalType":"Group","RightName":"GenericAll","IsInherited":true},{"PrincipalSID":"S-1-5-21-307656423-3761733990-2565378310-1627","PrincipalType":"User","RightName":"GenericAll","IsInherited":true},{"PrincipalSID":"INLANEFREIGHT.HTB-S-1-5-32-544","PrincipalType":"Group","RightName":"WriteDacl","IsInherited":true},{"PrincipalSID":"INLANEFREIGHT.HTB-S-1-5-32-544","PrincipalType":"Group","RightName":"WriteOwner","IsInherited":true},{"PrincipalSID":"INLANEFREIGHT.HTB-S-1-5-32-544","PrincipalType":"Group","RightName":"AllExtendedRights","IsInherited":true},{"PrincipalSID":"INLANEFREIGHT.HTB-S-1-5-32-544","PrincipalType":"Group","RightName":"GenericWrite","IsInherited":true}],"ObjectIdentifier":"S-1-5-21-307656423-3761733990-2565378310-1632","IsDeleted":false,"IsACLProtected":false},{"Properties":{"domain":"INLANEFREIGHT.HTB","name":"ALBERT@INLANEFREIGHT.HTB","distinguishedname":"CN=ALBERT,CN=USERS,DC=INLANEFREIGHT,DC=HTB","domainsid":"S-1-5-21-307656423-3761733990-2565378310","highvalue":false,"samaccountname":"albert","description":null,"whencreated":1674137766,"sensitive":false,"dontreqpreauth":false,"passwordnotreqd":false,"unconstraineddelegation":false,"pwdneverexpires":true,"enabled":true,"trustedtoauth":false,"lastlogon":0,"lastlogontimestamp":-1,"pwdlastset":1674159366,"serviceprincipalnames":[],"hasspn":false,"displayname":"albert","email":null,"title":null,"homedirectory":null,"userpassword":null,"unixpassword":null,"unicodepassword":null,"sfupassword":null,"logonscript":null,"admincount":false,"sidhistory":[]},"AllowedToDelegate":[],"PrimaryGroupSID":"S-1-5-21-307656423-3761733990-2565378310-513","HasSIDHistory":[],"SPNTargets":[],"Aces":[{"PrincipalSID":"S-1-5-21-307656423-3761733990-2565378310-512","PrincipalType":"Group","RightName":"Owns","IsInherited":false},{"PrincipalSID":"INLANEFREIGHT.HTB-S-1-5-32-548","PrincipalType":"Group","RightName":"GenericAll","IsInherited":false},{"PrincipalSID":"S-1-5-21-307656423-3761733990-2565378310-512","PrincipalType":"Group","RightName":"GenericAll","IsInherited":false},{"PrincipalSID":"S-1-5-21-307656423-3761733990-2565378310-1631","PrincipalType":"User","RightName":"GenericWrite","IsInherited":false},{"PrincipalSID":"S-1-5-21-307656423-3761733990-2565378310-526","PrincipalType":"Group","RightName":"AddKeyCredentialLink","IsInherited":true},{"PrincipalSID":"S-1-5-21-307656423-3761733990-2565378310-527","PrincipalType":"Group","RightName":"AddKeyCredentialLink","IsInherited":true},{"PrincipalSID":"S-1-5-21-307656423-3761733990-2565378310-1628","PrincipalType":"User","RightName":"WriteDacl","IsInherited":true},{"PrincipalSID":"S-1-5-21-307656423-3761733990-2565378310-1630","PrincipalType":"User","RightName":"WriteOwner","IsInherited":true},{"PrincipalSID":"S-1-5-21-307656423-3761733990-2565378310-519","PrincipalType":"Group","RightName":"GenericAll","IsInherited":true},{"PrincipalSID":"S-1-5-21-307656423-3761733990-2565378310-1627","PrincipalType":"User","RightName":"GenericAll","IsInherited":true},{"PrincipalSID":"INLANEFREIGHT.HTB-S-1-5-32-544","PrincipalType":"Group","RightName":"WriteDacl","IsInherited":true},{"PrincipalSID":"INLANEFREIGHT.HTB-S-1-5-32-544","PrincipalType":"Group","RightName":"WriteOwner","IsInherited":true},{"PrincipalSID":"INLANEFREIGHT.HTB-S-1-5-32-544","PrincipalType":"Group","RightName":"AllExtendedRights","IsInherited":true},{"PrincipalSID":"INLANEFREIGHT.HTB-S-1-5-32-544","PrincipalType":"Group","RightName":"GenericWrite","IsInherited":true}],"ObjectIdentifier":"S-1-5-21-307656423-3761733990-2565378310-1637","IsDeleted":false,"IsACLProtected":false},{"Properties":{"domain":"INLANEFREIGHT.HTB","name":"GUEST@INLANEFREIGHT.HTB","distinguishedname":"CN=GUEST,CN=USERS,DC=INLANEFREIGHT,DC=HTB","domainsid":"S-1-5-21-307656423-3761733990-2565378310","highvalue":false,"samaccountname":"Guest","description":"Built-in account for guest access to the computer/domain","whencreated":1672885987,"sensitive":false,"dontreqpreauth":false,"passwordnotreqd":true,"unconstraineddelegation":false,"pwdneverexpires":true,"enabled":false,"trustedtoauth":false,"lastlogon":0,"lastlogontimestamp":-1,"pwdlastset":0,"serviceprincipalnames":[],"hasspn":false,"displayname":null,"email":null,"title":null,"homedirectory":null,"userpassword":null,"unixpassword":null,"unicodepassword":null,"sfupassword":null,"logonscript":null,"admincount":false,"sidhistory":[]},"AllowedToDelegate":[],"PrimaryGroupSID":"S-1-5-21-307656423-3761733990-2565378310-514","HasSIDHistory":[],"SPNTargets":[],"Aces":[{"PrincipalSID":"INLANEFREIGHT.HTB-S-1-5-32-544","PrincipalType":"Group","RightName":"Owns","IsInherited":false},{"PrincipalSID":"INLANEFREIGHT.HTB-S-1-5-32-548","PrincipalType":"Group","RightName":"GenericAll","IsInherited":false},{"PrincipalSID":"S-1-5-21-307656423-3761733990-2565378310-512","PrincipalType":"Group","RightName":"GenericAll","IsInherited":false},{"PrincipalSID":"S-1-5-21-307656423-3761733990-2565378310-526","PrincipalType":"Group","RightName":"AddKeyCredentialLink","IsInherited":true},{"PrincipalSID":"S-1-5-21-307656423-3761733990-2565378310-527","PrincipalType":"Group","RightName":"AddKeyCredentialLink","IsInherited":true},{"PrincipalSID":"S-1-5-21-307656423-3761733990-2565378310-1628","PrincipalType":"User","RightName":"WriteDacl","IsInherited":true},{"PrincipalSID":"S-1-5-21-307656423-3761733990-2565378310-1630","PrincipalType":"User","RightName":"WriteOwner","IsInherited":true},{"PrincipalSID":"S-1-5-21-307656423-3761733990-2565378310-519","PrincipalType":"Group","RightName":"GenericAll","IsInherited":true},{"PrincipalSID":"S-1-5-21-307656423-3761733990-2565378310-1627","PrincipalType":"User","RightName":"GenericAll","IsInherited":true},{"PrincipalSID":"INLANEFREIGHT.HTB-S-1-5-32-544","PrincipalType":"Group","RightName":"WriteDacl","IsInherited":true},{"PrincipalSID":"INLANEFREIGHT.HTB-S-1-5-32-544","PrincipalType":"Group","RightName":"WriteOwner","IsInherited":true},{"PrincipalSID":"INLANEFREIGHT.HTB-S-1-5-32-544","PrincipalType":"Group","RightName":"AllExtendedRights","IsInherited":true},{"PrincipalSID":"INLANEFREIGHT.HTB-S-1-5-32-544","PrincipalType":"Group","RightName":"GenericWrite","IsInherited":true}],"ObjectIdentifier":"S-1-5-21-307656423-3761733990-2565378310-501","IsDeleted":false,"IsACLProtected":false},{"Properties":{"domain":"INLANEFREIGHT.HTB","name":"PEDRO@INLANEFREIGHT.HTB","distinguishedname":"CN=PEDRO,CN=USERS,DC=INLANEFREIGHT,DC=HTB","domainsid":"S-1-5-21-307656423-3761733990-2565378310","highvalue":false,"samaccountname":"pedro","description":null,"whencreated":1674137599,"sensitive":false,"dontreqpreauth":false,"passwordnotreqd":false,"unconstraineddelegation":false,"pwdneverexpires":true,"enabled":true,"trustedtoauth":false,"lastlogon":0,"lastlogontimestamp":-1,"pwdlastset":1677252875,"serviceprincipalnames":[],"hasspn":false,"displayname":"pedro","email":null,"title":null,"homedirectory":null,"userpassword":null,"unixpassword":null,"unicodepassword":null,"sfupassword":null,"logonscript":null,"admincount":false,"sidhistory":[]},"AllowedToDelegate":[],"PrimaryGroupSID":"S-1-5-21-307656423-3761733990-2565378310-513","HasSIDHistory":[],"SPNTargets":[],"Aces":[{"PrincipalSID":"S-1-5-21-307656423-3761733990-2565378310-512","PrincipalType":"Group","RightName":"Owns","IsInherited":false},{"PrincipalSID":"INLANEFREIGHT.HTB-S-1-5-32-548","PrincipalType":"Group","RightName":"GenericAll","IsInherited":false},{"PrincipalSID":"S-1-5-21-307656423-3761733990-2565378310-512","PrincipalType":"Group","RightName":"GenericAll","IsInherited":false},{"PrincipalSID":"S-1-5-21-307656423-3761733990-2565378310-526","PrincipalType":"Group","RightName":"AddKeyCredentialLink","IsInherited":true},{"PrincipalSID":"S-1-5-21-307656423-3761733990-2565378310-527","PrincipalType":"Group","RightName":"AddKeyCredentialLink","IsInherited":true},{"PrincipalSID":"S-1-5-21-307656423-3761733990-2565378310-1628","PrincipalType":"User","RightName":"WriteDacl","IsInherited":true},{"PrincipalSID":"S-1-5-21-307656423-3761733990-2565378310-1630","PrincipalType":"User","RightName":"WriteOwner","IsInherited":true},{"PrincipalSID":"S-1-5-21-307656423-3761733990-2565378310-519","PrincipalType":"Group","RightName":"GenericAll","IsInherited":true},{"PrincipalSID":"S-1-5-21-307656423-3761733990-2565378310-1627","PrincipalType":"User","RightName":"GenericAll","IsInherited":true},{"PrincipalSID":"INLANEFREIGHT.HTB-S-1-5-32-544","PrincipalType":"Group","RightName":"WriteDacl","IsInherited":true},{"PrincipalSID":"INLANEFREIGHT.HTB-S-1-5-32-544","PrincipalType":"Group","RightName":"WriteOwner","IsInherited":true},{"PrincipalSID":"INLANEFREIGHT.HTB-S-1-5-32-544","PrincipalType":"Group","RightName":"AllExtendedRights","IsInherited":true},{"PrincipalSID":"INLANEFREIGHT.HTB-S-1-5-32-544","PrincipalType":"Group","RightName":"GenericWrite","IsInherited":true}],"ObjectIdentifier":"S-1-5-21-307656423-3761733990-2565378310-1627","IsDeleted":false,"IsACLProtected":false}],"meta":{"methods":29695,"type":"users","count":33,"version":5}}