﻿{"data":[{"GPOChanges":{"LocalAdmins":[],"RemoteDesktopUsers":[],"DcomUsers":[],"PSRemoteUsers":[],"AffectedComputers":[{"ObjectIdentifier":"S-1-5-21-307656423-3761733990-2565378310-1002","ObjectType":"Computer"},{"ObjectIdentifier":"S-1-5-21-307656423-3761733990-2565378310-1606","ObjectType":"Computer"},{"ObjectIdentifier":"S-1-5-21-307656423-3761733990-2565378310-1607","ObjectType":"Computer"},{"ObjectIdentifier":"S-1-5-21-307656423-3761733990-2565378310-1645","ObjectType":"Computer"},{"ObjectIdentifier":"S-1-5-21-307656423-3761733990-2565378310-1646","ObjectType":"Computer"},{"ObjectIdentifier":"S-1-5-21-307656423-3761733990-2565378310-1647","ObjectType":"Computer"},{"ObjectIdentifier":"S-1-5-21-307656423-3761733990-2565378310-1648","ObjectType":"Computer"},{"ObjectIdentifier":"S-1-5-21-307656423-3761733990-2565378310-1649","ObjectType":"Computer"}]},"Properties":{"domain":"INLANEFREIGHT.HTB","name":"INLANEFREIGHT.HTB","distinguishedname":"DC=INLANEFREIGHT,DC=HTB","domainsid":"S-1-5-21-307656423-3761733990-2565378310","highvalue":true,"description":null,"whencreated":1672885979,"functionallevel":"2016"},"ChildObjects":[{"ObjectIdentifier":"0F8E46A2-5C6B-423B-B987-8305D43E8989","ObjectType":"Container"},{"ObjectIdentifier":"014DB1F6-C6C1-427E-BF79-370BC973DCAE","ObjectType":"OU"},{"ObjectIdentifier":"C3F3B25A-E766-40D8-BE27-D4E430E4DEDE","ObjectType":"OU"},{"ObjectIdentifier":"B7768E69-253C-477A-A458-FB100A6CB9CC","ObjectType":"Container"},{"ObjectIdentifier":"697E6D8B-3089-4D3B-9207-6F715DB97EF2","ObjectType":"OU"},{"ObjectIdentifier":"D858C099-03D8-42EF-BB5F-8628995DF259","ObjectType":"Container"},{"ObjectIdentifier":"35C3D3A2-8187-4284-95F2-6E4ABC816455","ObjectType":"OU"},{"ObjectIdentifier":"82D1FCBC-2F11-4F5C-9EE3-8A30AC47CAEC","ObjectType":"Container"},{"ObjectIdentifier":"CBF8B17C-E062-47A7-9B2D-19D2FADD015B","ObjectType":"OU"}],"Trusts":[],"Links":[{"IsEnforced":false,"GUID":"793D4F62-B419-4023-B190-811D2E531CEB"},{"IsEnforced":false,"GUID":"49201713-FBE6-48C3-937E-E0A376C1EBA7"}],"Aces":[{"PrincipalSID":"INLANEFREIGHT.HTB-S-1-5-32-544","PrincipalType":"Group","RightName":"Owns","IsInherited":false},{"PrincipalSID":"INLANEFREIGHT.HTB-S-1-5-32-544","PrincipalType":"Group","RightName":"WriteDacl","IsInherited":false},{"PrincipalSID":"INLANEFREIGHT.HTB-S-1-5-32-544","PrincipalType":"Group","RightName":"WriteOwner","IsInherited":false},{"PrincipalSID":"INLANEFREIGHT.HTB-S-1-5-32-544","PrincipalType":"Group","RightName":"AllExtendedRights","IsInherited":false},{"PrincipalSID":"S-1-5-21-307656423-3761733990-2565378310-512","PrincipalType":"Group","RightName":"WriteDacl","IsInherited":false},{"PrincipalSID":"S-1-5-21-307656423-3761733990-2565378310-512","PrincipalType":"Group","RightName":"WriteOwner","IsInherited":false},{"PrincipalSID":"S-1-5-21-307656423-3761733990-2565378310-512","PrincipalType":"Group","RightName":"AllExtendedRights","IsInherited":false},{"PrincipalSID":"S-1-5-21-307656423-3761733990-2565378310-519","PrincipalType":"Group","RightName":"GenericAll","IsInherited":false},{"PrincipalSID":"S-1-5-21-307656423-3761733990-2565378310-1627","PrincipalType":"User","RightName":"GenericAll","IsInherited":false},{"PrincipalSID":"S-1-5-21-307656423-3761733990-2565378310-1628","PrincipalType":"User","RightName":"WriteDacl","IsInherited":false},{"PrincipalSID":"S-1-5-21-307656423-3761733990-2565378310-1630","PrincipalType":"User","RightName":"WriteOwner","IsInherited":false},{"PrincipalSID":"INLANEFREIGHT.HTB-S-1-5-9","PrincipalType":"Group","RightName":"GetChangesInFilteredSet","IsInherited":false},{"PrincipalSID":"INLANEFREIGHT.HTB-S-1-5-9","PrincipalType":"Group","RightName":"GetChanges","IsInherited":false},{"PrincipalSID":"INLANEFREIGHT.HTB-S-1-5-32-544","PrincipalType":"Group","RightName":"GetChangesAll","IsInherited":false},{"PrincipalSID":"INLANEFREIGHT.HTB-S-1-5-32-544","PrincipalType":"Group","RightName":"GetChangesInFilteredSet","IsInherited":false},{"PrincipalSID":"INLANEFREIGHT.HTB-S-1-5-32-544","PrincipalType":"Group","RightName":"GetChanges","IsInherited":false},{"PrincipalSID":"S-1-5-21-307656423-3761733990-2565378310-498","PrincipalType":"Group","RightName":"GetChanges","IsInherited":false},{"PrincipalSID":"S-1-5-21-307656423-3761733990-2565378310-516","PrincipalType":"Group","RightName":"GetChangesAll","IsInherited":false}],"ObjectIdentifier":"S-1-5-21-307656423-3761733990-2565378310","IsDeleted":false,"IsACLProtected":false}],"meta":{"methods":29695,"type":"domains","count":1,"version":5}}