﻿{"data":[{"GPOChanges":{"LocalAdmins":[],"RemoteDesktopUsers":[],"DcomUsers":[],"PSRemoteUsers":[],"AffectedComputers":[]},"Properties":{"domain":"INLANEFREIGHT.HTB","name":"LAPS_PC@INLANEFREIGHT.HTB","distinguishedname":"OU=LAPS_PC,DC=INLANEFREIGHT,DC=HTB","domainsid":"S-1-5-21-307656423-3761733990-2565378310","highvalue":false,"description":null,"whencreated":1677215567,"blocksinheritance":false},"Links":[],"ChildObjects":[{"ObjectIdentifier":"S-1-5-21-307656423-3761733990-2565378310-1645","ObjectType":"Computer"},{"ObjectIdentifier":"S-1-5-21-307656423-3761733990-2565378310-1646","ObjectType":"Computer"},{"ObjectIdentifier":"S-1-5-21-307656423-3761733990-2565378310-1647","ObjectType":"Computer"},{"ObjectIdentifier":"S-1-5-21-307656423-3761733990-2565378310-1648","ObjectType":"Computer"}],"Aces":[{"PrincipalSID":"S-1-5-21-307656423-3761733990-2565378310-512","PrincipalType":"Group","RightName":"Owns","IsInherited":false},{"PrincipalSID":"S-1-5-21-307656423-3761733990-2565378310-512","PrincipalType":"Group","RightName":"GenericAll","IsInherited":false},{"PrincipalSID":"S-1-5-21-307656423-3761733990-2565378310-1628","PrincipalType":"User","RightName":"WriteDacl","IsInherited":true},{"PrincipalSID":"S-1-5-21-307656423-3761733990-2565378310-1630","PrincipalType":"User","RightName":"WriteOwner","IsInherited":true},{"PrincipalSID":"S-1-5-21-307656423-3761733990-2565378310-519","PrincipalType":"Group","RightName":"GenericAll","IsInherited":true},{"PrincipalSID":"S-1-5-21-307656423-3761733990-2565378310-1627","PrincipalType":"User","RightName":"GenericAll","IsInherited":true},{"PrincipalSID":"INLANEFREIGHT.HTB-S-1-5-32-544","PrincipalType":"Group","RightName":"WriteDacl","IsInherited":true},{"PrincipalSID":"INLANEFREIGHT.HTB-S-1-5-32-544","PrincipalType":"Group","RightName":"WriteOwner","IsInherited":true}],"ObjectIdentifier":"697E6D8B-3089-4D3B-9207-6F715DB97EF2","IsDeleted":false,"IsACLProtected":false},{"GPOChanges":{"LocalAdmins":[],"RemoteDesktopUsers":[],"DcomUsers":[],"PSRemoteUsers":[],"AffectedComputers":[]},"Properties":{"domain":"INLANEFREIGHT.HTB","name":"IT@INLANEFREIGHT.HTB","distinguishedname":"OU=IT,OU=DEPARTMENTS,DC=INLANEFREIGHT,DC=HTB","domainsid":"S-1-5-21-307656423-3761733990-2565378310","highvalue":false,"description":null,"whencreated":1673950505,"blocksinheritance":false},"Links":[],"ChildObjects":[{"ObjectIdentifier":"S-1-5-21-307656423-3761733990-2565378310-1613","ObjectType":"Group"},{"ObjectIdentifier":"S-1-5-21-307656423-3761733990-2565378310-1610","ObjectType":"Group"},{"ObjectIdentifier":"S-1-5-21-307656423-3761733990-2565378310-1616","ObjectType":"User"},{"ObjectIdentifier":"S-1-5-21-307656423-3761733990-2565378310-1614","ObjectType":"User"},{"ObjectIdentifier":"S-1-5-21-307656423-3761733990-2565378310-1618","ObjectType":"Group"}],"Aces":[{"PrincipalSID":"S-1-5-21-307656423-3761733990-2565378310-512","PrincipalType":"Group","RightName":"Owns","IsInherited":false},{"PrincipalSID":"S-1-5-21-307656423-3761733990-2565378310-512","PrincipalType":"Group","RightName":"GenericAll","IsInherited":false},{"PrincipalSID":"S-1-5-21-307656423-3761733990-2565378310-1628","PrincipalType":"User","RightName":"WriteDacl","IsInherited":true},{"PrincipalSID":"S-1-5-21-307656423-3761733990-2565378310-1630","PrincipalType":"User","RightName":"WriteOwner","IsInherited":true},{"PrincipalSID":"S-1-5-21-307656423-3761733990-2565378310-519","PrincipalType":"Group","RightName":"GenericAll","IsInherited":true},{"PrincipalSID":"S-1-5-21-307656423-3761733990-2565378310-1627","PrincipalType":"User","RightName":"GenericAll","IsInherited":true},{"PrincipalSID":"INLANEFREIGHT.HTB-S-1-5-32-544","PrincipalType":"Group","RightName":"WriteDacl","IsInherited":true},{"PrincipalSID":"INLANEFREIGHT.HTB-S-1-5-32-544","PrincipalType":"Group","RightName":"WriteOwner","IsInherited":true}],"ObjectIdentifier":"CAA24B89-632A-405E-92B8-CB1993A849B5","IsDeleted":false,"IsACLProtected":false},{"GPOChanges":{"LocalAdmins":[],"RemoteDesktopUsers":[],"DcomUsers":[],"PSRemoteUsers":[],"AffectedComputers":[]},"Properties":{"domain":"INLANEFREIGHT.HTB","name":"SERVERS@INLANEFREIGHT.HTB","distinguishedname":"OU=SERVERS,DC=INLANEFREIGHT,DC=HTB","domainsid":"S-1-5-21-307656423-3761733990-2565378310","highvalue":false,"description":null,"whencreated":1673950458,"blocksinheritance":false},"Links":[],"ChildObjects":[{"ObjectIdentifier":"S-1-5-21-307656423-3761733990-2565378310-1607","ObjectType":"Computer"}],"Aces":[{"PrincipalSID":"S-1-5-21-307656423-3761733990-2565378310-512","PrincipalType":"Group","RightName":"Owns","IsInherited":false},{"PrincipalSID":"S-1-5-21-307656423-3761733990-2565378310-512","PrincipalType":"Group","RightName":"GenericAll","IsInherited":false},{"PrincipalSID":"S-1-5-21-307656423-3761733990-2565378310-1624","PrincipalType":"User","RightName":"GenericAll","IsInherited":false},{"PrincipalSID":"S-1-5-21-307656423-3761733990-2565378310-1628","PrincipalType":"User","RightName":"WriteDacl","IsInherited":true},{"PrincipalSID":"S-1-5-21-307656423-3761733990-2565378310-1630","PrincipalType":"User","RightName":"WriteOwner","IsInherited":true},{"PrincipalSID":"S-1-5-21-307656423-3761733990-2565378310-519","PrincipalType":"Group","RightName":"GenericAll","IsInherited":true},{"PrincipalSID":"S-1-5-21-307656423-3761733990-2565378310-1627","PrincipalType":"User","RightName":"GenericAll","IsInherited":true},{"PrincipalSID":"INLANEFREIGHT.HTB-S-1-5-32-544","PrincipalType":"Group","RightName":"WriteDacl","IsInherited":true},{"PrincipalSID":"INLANEFREIGHT.HTB-S-1-5-32-544","PrincipalType":"Group","RightName":"WriteOwner","IsInherited":true}],"ObjectIdentifier":"35C3D3A2-8187-4284-95F2-6E4ABC816455","IsDeleted":false,"IsACLProtected":false},{"GPOChanges":{"LocalAdmins":[],"RemoteDesktopUsers":[],"DcomUsers":[],"PSRemoteUsers":[],"AffectedComputers":[]},"Properties":{"domain":"INLANEFREIGHT.HTB","name":"DEPARTMENTS@INLANEFREIGHT.HTB","distinguishedname":"OU=DEPARTMENTS,DC=INLANEFREIGHT,DC=HTB","domainsid":"S-1-5-21-307656423-3761733990-2565378310","highvalue":false,"description":null,"whencreated":1673950499,"blocksinheritance":false},"Links":[],"ChildObjects":[{"ObjectIdentifier":"CAA24B89-632A-405E-92B8-CB1993A849B5","ObjectType":"OU"}],"Aces":[{"PrincipalSID":"S-1-5-21-307656423-3761733990-2565378310-512","PrincipalType":"Group","RightName":"Owns","IsInherited":false},{"PrincipalSID":"S-1-5-21-307656423-3761733990-2565378310-512","PrincipalType":"Group","RightName":"GenericAll","IsInherited":false},{"PrincipalSID":"S-1-5-21-307656423-3761733990-2565378310-1628","PrincipalType":"User","RightName":"WriteDacl","IsInherited":true},{"PrincipalSID":"S-1-5-21-307656423-3761733990-2565378310-1630","PrincipalType":"User","RightName":"WriteOwner","IsInherited":true},{"PrincipalSID":"S-1-5-21-307656423-3761733990-2565378310-519","PrincipalType":"Group","RightName":"GenericAll","IsInherited":true},{"PrincipalSID":"S-1-5-21-307656423-3761733990-2565378310-1627","PrincipalType":"User","RightName":"GenericAll","IsInherited":true},{"PrincipalSID":"INLANEFREIGHT.HTB-S-1-5-32-544","PrincipalType":"Group","RightName":"WriteDacl","IsInherited":true},{"PrincipalSID":"INLANEFREIGHT.HTB-S-1-5-32-544","PrincipalType":"Group","RightName":"WriteOwner","IsInherited":true}],"ObjectIdentifier":"014DB1F6-C6C1-427E-BF79-370BC973DCAE","IsDeleted":false,"IsACLProtected":false},{"GPOChanges":{"LocalAdmins":[],"RemoteDesktopUsers":[],"DcomUsers":[],"PSRemoteUsers":[],"AffectedComputers":[{"ObjectIdentifier":"S-1-5-21-307656423-3761733990-2565378310-1606","ObjectType":"Computer"}]},"Properties":{"domain":"INLANEFREIGHT.HTB","name":"WORKSTATIONS@INLANEFREIGHT.HTB","distinguishedname":"OU=WORKSTATIONS,DC=INLANEFREIGHT,DC=HTB","domainsid":"S-1-5-21-307656423-3761733990-2565378310","highvalue":false,"description":null,"whencreated":1673950473,"blocksinheritance":false},"Links":[{"IsEnforced":false,"GUID":"B5A467D5-D4B8-430F-9974-A91A5BD60866"}],"ChildObjects":[{"ObjectIdentifier":"S-1-5-21-307656423-3761733990-2565378310-1606","ObjectType":"Computer"}],"Aces":[{"PrincipalSID":"S-1-5-21-307656423-3761733990-2565378310-512","PrincipalType":"Group","RightName":"Owns","IsInherited":false},{"PrincipalSID":"S-1-5-21-307656423-3761733990-2565378310-512","PrincipalType":"Group","RightName":"GenericAll","IsInherited":false},{"PrincipalSID":"S-1-5-21-307656423-3761733990-2565378310-1626","PrincipalType":"User","RightName":"GenericAll","IsInherited":false},{"PrincipalSID":"S-1-5-21-307656423-3761733990-2565378310-1628","PrincipalType":"User","RightName":"WriteDacl","IsInherited":true},{"PrincipalSID":"S-1-5-21-307656423-3761733990-2565378310-1630","PrincipalType":"User","RightName":"WriteOwner","IsInherited":true},{"PrincipalSID":"S-1-5-21-307656423-3761733990-2565378310-519","PrincipalType":"Group","RightName":"GenericAll","IsInherited":true},{"PrincipalSID":"S-1-5-21-307656423-3761733990-2565378310-1627","PrincipalType":"User","RightName":"GenericAll","IsInherited":true},{"PrincipalSID":"INLANEFREIGHT.HTB-S-1-5-32-544","PrincipalType":"Group","RightName":"WriteDacl","IsInherited":true},{"PrincipalSID":"INLANEFREIGHT.HTB-S-1-5-32-544","PrincipalType":"Group","RightName":"WriteOwner","IsInherited":true}],"ObjectIdentifier":"CBF8B17C-E062-47A7-9B2D-19D2FADD015B","IsDeleted":false,"IsACLProtected":false},{"GPOChanges":{"LocalAdmins":[],"RemoteDesktopUsers":[],"DcomUsers":[],"PSRemoteUsers":[],"AffectedComputers":[{"ObjectIdentifier":"S-1-5-21-307656423-3761733990-2565378310-1002","ObjectType":"Computer"}]},"Properties":{"domain":"INLANEFREIGHT.HTB","name":"DOMAIN CONTROLLERS@INLANEFREIGHT.HTB","distinguishedname":"OU=DOMAIN CONTROLLERS,DC=INLANEFREIGHT,DC=HTB","domainsid":"S-1-5-21-307656423-3761733990-2565378310","highvalue":false,"description":"Default container for domain controllers","whencreated":1672885987,"blocksinheritance":false},"Links":[{"IsEnforced":false,"GUID":"C0D33F23-3EAC-4231-A46A-CEFDC24308F7"},{"IsEnforced":false,"GUID":"CAE2DC53-85AF-4EDC-94A3-A08DC62FB40A"}],"ChildObjects":[{"ObjectIdentifier":"S-1-5-21-307656423-3761733990-2565378310-1002","ObjectType":"Computer"}],"Aces":[{"PrincipalSID":"S-1-5-21-307656423-3761733990-2565378310-512","PrincipalType":"Group","RightName":"Owns","IsInherited":false},{"PrincipalSID":"S-1-5-21-307656423-3761733990-2565378310-512","PrincipalType":"Group","RightName":"WriteDacl","IsInherited":false},{"PrincipalSID":"S-1-5-21-307656423-3761733990-2565378310-512","PrincipalType":"Group","RightName":"WriteOwner","IsInherited":false},{"PrincipalSID":"S-1-5-21-307656423-3761733990-2565378310-1628","PrincipalType":"User","RightName":"WriteDacl","IsInherited":true},{"PrincipalSID":"S-1-5-21-307656423-3761733990-2565378310-1630","PrincipalType":"User","RightName":"WriteOwner","IsInherited":true},{"PrincipalSID":"S-1-5-21-307656423-3761733990-2565378310-519","PrincipalType":"Group","RightName":"GenericAll","IsInherited":true},{"PrincipalSID":"S-1-5-21-307656423-3761733990-2565378310-1627","PrincipalType":"User","RightName":"GenericAll","IsInherited":true},{"PrincipalSID":"INLANEFREIGHT.HTB-S-1-5-32-544","PrincipalType":"Group","RightName":"WriteDacl","IsInherited":true},{"PrincipalSID":"INLANEFREIGHT.HTB-S-1-5-32-544","PrincipalType":"Group","RightName":"WriteOwner","IsInherited":true}],"ObjectIdentifier":"C3F3B25A-E766-40D8-BE27-D4E430E4DEDE","IsDeleted":false,"IsACLProtected":false}],"meta":{"methods":29695,"type":"ous","count":6,"version":5}}