﻿{"data":[{"Properties":{"domain":"INLANEFREIGHT.HTB","name":"DEFAULT DOMAIN CONTROLLERS POLICY@INLANEFREIGHT.HTB","distinguishedname":"CN={6AC1786C-016F-11D2-945F-00C04FB984F9},CN=POLICIES,CN=SYSTEM,DC=INLANEFREIGHT,DC=HTB","domainsid":"S-1-5-21-307656423-3761733990-2565378310","highvalue":false,"description":null,"whencreated":1672885986,"gpcpath":"\\\\INLANEFREIGHT.HTB\\SYSVOL\\INLANEFREIGHT.HTB\\POLICIES\\{6AC1786C-016F-11D2-945F-00C04FB984F9}"},"Aces":[{"PrincipalSID":"S-1-5-21-307656423-3761733990-2565378310-512","PrincipalType":"Group","RightName":"Owns","IsInherited":false},{"PrincipalSID":"S-1-5-21-307656423-3761733990-2565378310-512","PrincipalType":"Group","RightName":"WriteDacl","IsInherited":false},{"PrincipalSID":"S-1-5-21-307656423-3761733990-2565378310-512","PrincipalType":"Group","RightName":"WriteOwner","IsInherited":false},{"PrincipalSID":"S-1-5-21-307656423-3761733990-2565378310-512","PrincipalType":"Group","RightName":"GenericWrite","IsInherited":false},{"PrincipalSID":"S-1-5-21-307656423-3761733990-2565378310-512","PrincipalType":"Group","RightName":"WriteDacl","IsInherited":false},{"PrincipalSID":"S-1-5-21-307656423-3761733990-2565378310-512","PrincipalType":"Group","RightName":"WriteOwner","IsInherited":false},{"PrincipalSID":"S-1-5-21-307656423-3761733990-2565378310-512","PrincipalType":"Group","RightName":"GenericWrite","IsInherited":false},{"PrincipalSID":"S-1-5-21-307656423-3761733990-2565378310-519","PrincipalType":"Group","RightName":"WriteDacl","IsInherited":false},{"PrincipalSID":"S-1-5-21-307656423-3761733990-2565378310-519","PrincipalType":"Group","RightName":"WriteOwner","IsInherited":false},{"PrincipalSID":"S-1-5-21-307656423-3761733990-2565378310-519","PrincipalType":"Group","RightName":"GenericWrite","IsInherited":false}],"ObjectIdentifier":"CAE2DC53-85AF-4EDC-94A3-A08DC62FB40A","IsDeleted":false,"IsACLProtected":true},{"Properties":{"domain":"INLANEFREIGHT.HTB","name":"DEFAULT DOMAIN POLICY@INLANEFREIGHT.HTB","distinguishedname":"CN={31B2F340-016D-11D2-945F-00C04FB984F9},CN=POLICIES,CN=SYSTEM,DC=INLANEFREIGHT,DC=HTB","domainsid":"S-1-5-21-307656423-3761733990-2565378310","highvalue":false,"description":null,"whencreated":1672885986,"gpcpath":"\\\\INLANEFREIGHT.HTB\\SYSVOL\\INLANEFREIGHT.HTB\\POLICIES\\{31B2F340-016D-11D2-945F-00C04FB984F9}"},"Aces":[{"PrincipalSID":"S-1-5-21-307656423-3761733990-2565378310-512","PrincipalType":"Group","RightName":"Owns","IsInherited":false},{"PrincipalSID":"S-1-5-21-307656423-3761733990-2565378310-512","PrincipalType":"Group","RightName":"WriteDacl","IsInherited":false},{"PrincipalSID":"S-1-5-21-307656423-3761733990-2565378310-512","PrincipalType":"Group","RightName":"WriteOwner","IsInherited":false},{"PrincipalSID":"S-1-5-21-307656423-3761733990-2565378310-512","PrincipalType":"Group","RightName":"GenericWrite","IsInherited":false},{"PrincipalSID":"S-1-5-21-307656423-3761733990-2565378310-512","PrincipalType":"Group","RightName":"WriteDacl","IsInherited":false},{"PrincipalSID":"S-1-5-21-307656423-3761733990-2565378310-512","PrincipalType":"Group","RightName":"WriteOwner","IsInherited":false},{"PrincipalSID":"S-1-5-21-307656423-3761733990-2565378310-512","PrincipalType":"Group","RightName":"GenericWrite","IsInherited":false},{"PrincipalSID":"S-1-5-21-307656423-3761733990-2565378310-519","PrincipalType":"Group","RightName":"WriteDacl","IsInherited":false},{"PrincipalSID":"S-1-5-21-307656423-3761733990-2565378310-519","PrincipalType":"Group","RightName":"WriteOwner","IsInherited":false},{"PrincipalSID":"S-1-5-21-307656423-3761733990-2565378310-519","PrincipalType":"Group","RightName":"GenericWrite","IsInherited":false}],"ObjectIdentifier":"49201713-FBE6-48C3-937E-E0A376C1EBA7","IsDeleted":false,"IsACLProtected":true},{"Properties":{"domain":"INLANEFREIGHT.HTB","name":"SCREENSAVER@INLANEFREIGHT.HTB","distinguishedname":"CN={0A1F1ECB-D266-4B9A-878E-4B6E4AAA3E59},CN=POLICIES,CN=SYSTEM,DC=INLANEFREIGHT,DC=HTB","domainsid":"S-1-5-21-307656423-3761733990-2565378310","highvalue":false,"description":null,"whencreated":1677258507,"gpcpath":"\\\\INLANEFREIGHT.HTB\\SYSVOL\\INLANEFREIGHT.HTB\\POLICIES\\{0A1F1ECB-D266-4B9A-878E-4B6E4AAA3E59}"},"Aces":[{"PrincipalSID":"S-1-5-21-307656423-3761733990-2565378310-512","PrincipalType":"Group","RightName":"Owns","IsInherited":false},{"PrincipalSID":"S-1-5-21-307656423-3761733990-2565378310-512","PrincipalType":"Group","RightName":"WriteDacl","IsInherited":false},{"PrincipalSID":"S-1-5-21-307656423-3761733990-2565378310-512","PrincipalType":"Group","RightName":"WriteOwner","IsInherited":false},{"PrincipalSID":"S-1-5-21-307656423-3761733990-2565378310-512","PrincipalType":"Group","RightName":"GenericWrite","IsInherited":false},{"PrincipalSID":"S-1-5-21-307656423-3761733990-2565378310-513","PrincipalType":"Group","RightName":"WriteDacl","IsInherited":false},{"PrincipalSID":"S-1-5-21-307656423-3761733990-2565378310-513","PrincipalType":"Group","RightName":"WriteOwner","IsInherited":false},{"PrincipalSID":"S-1-5-21-307656423-3761733990-2565378310-513","PrincipalType":"Group","RightName":"GenericWrite","IsInherited":false},{"PrincipalSID":"S-1-5-21-307656423-3761733990-2565378310-519","PrincipalType":"Group","RightName":"WriteDacl","IsInherited":false},{"PrincipalSID":"S-1-5-21-307656423-3761733990-2565378310-519","PrincipalType":"Group","RightName":"WriteOwner","IsInherited":false},{"PrincipalSID":"S-1-5-21-307656423-3761733990-2565378310-519","PrincipalType":"Group","RightName":"GenericWrite","IsInherited":false}],"ObjectIdentifier":"B5A467D5-D4B8-430F-9974-A91A5BD60866","IsDeleted":false,"IsACLProtected":true},{"Properties":{"domain":"INLANEFREIGHT.HTB","name":"FIREWALL_MANAGER@INLANEFREIGHT.HTB","distinguishedname":"CN={AF714DBC-2A61-4674-8D91-551DE4E816B8},CN=POLICIES,CN=SYSTEM,DC=INLANEFREIGHT,DC=HTB","domainsid":"S-1-5-21-307656423-3761733990-2565378310","highvalue":false,"description":null,"whencreated":1677213528,"gpcpath":"\\\\INLANEFREIGHT.HTB\\SYSVOL\\INLANEFREIGHT.HTB\\POLICIES\\{AF714DBC-2A61-4674-8D91-551DE4E816B8}"},"Aces":[{"PrincipalSID":"S-1-5-21-307656423-3761733990-2565378310-512","PrincipalType":"Group","RightName":"Owns","IsInherited":false},{"PrincipalSID":"S-1-5-21-307656423-3761733990-2565378310-512","PrincipalType":"Group","RightName":"WriteDacl","IsInherited":false},{"PrincipalSID":"S-1-5-21-307656423-3761733990-2565378310-512","PrincipalType":"Group","RightName":"WriteOwner","IsInherited":false},{"PrincipalSID":"S-1-5-21-307656423-3761733990-2565378310-512","PrincipalType":"Group","RightName":"GenericWrite","IsInherited":false},{"PrincipalSID":"S-1-5-21-307656423-3761733990-2565378310-519","PrincipalType":"Group","RightName":"WriteDacl","IsInherited":false},{"PrincipalSID":"S-1-5-21-307656423-3761733990-2565378310-519","PrincipalType":"Group","RightName":"WriteOwner","IsInherited":false},{"PrincipalSID":"S-1-5-21-307656423-3761733990-2565378310-519","PrincipalType":"Group","RightName":"GenericWrite","IsInherited":false}],"ObjectIdentifier":"793D4F62-B419-4023-B190-811D2E531CEB","IsDeleted":false,"IsACLProtected":true},{"Properties":{"domain":"INLANEFREIGHT.HTB","name":"BACKUPS@INLANEFREIGHT.HTB","distinguishedname":"CN={69D0F352-CA85-46C7-91AF-46429FDD290E},CN=POLICIES,CN=SYSTEM,DC=INLANEFREIGHT,DC=HTB","domainsid":"S-1-5-21-307656423-3761733990-2565378310","highvalue":false,"description":null,"whencreated":1675830835,"gpcpath":"\\\\INLANEFREIGHT.HTB\\SYSVOL\\INLANEFREIGHT.HTB\\POLICIES\\{69D0F352-CA85-46C7-91AF-46429FDD290E}"},"Aces":[{"PrincipalSID":"S-1-5-21-307656423-3761733990-2565378310-512","PrincipalType":"Group","RightName":"Owns","IsInherited":false},{"PrincipalSID":"S-1-5-21-307656423-3761733990-2565378310-512","PrincipalType":"Group","RightName":"WriteDacl","IsInherited":false},{"PrincipalSID":"S-1-5-21-307656423-3761733990-2565378310-512","PrincipalType":"Group","RightName":"WriteOwner","IsInherited":false},{"PrincipalSID":"S-1-5-21-307656423-3761733990-2565378310-512","PrincipalType":"Group","RightName":"GenericWrite","IsInherited":false},{"PrincipalSID":"S-1-5-21-307656423-3761733990-2565378310-519","PrincipalType":"Group","RightName":"WriteDacl","IsInherited":false},{"PrincipalSID":"S-1-5-21-307656423-3761733990-2565378310-519","PrincipalType":"Group","RightName":"WriteOwner","IsInherited":false},{"PrincipalSID":"S-1-5-21-307656423-3761733990-2565378310-519","PrincipalType":"Group","RightName":"GenericWrite","IsInherited":false},{"PrincipalSID":"S-1-5-21-307656423-3761733990-2565378310-1640","PrincipalType":"User","RightName":"WriteDacl","IsInherited":false},{"PrincipalSID":"S-1-5-21-307656423-3761733990-2565378310-1640","PrincipalType":"User","RightName":"WriteOwner","IsInherited":false},{"PrincipalSID":"S-1-5-21-307656423-3761733990-2565378310-1640","PrincipalType":"User","RightName":"GenericWrite","IsInherited":false}],"ObjectIdentifier":"C0D33F23-3EAC-4231-A46A-CEFDC24308F7","IsDeleted":false,"IsACLProtected":true}],"meta":{"methods":29695,"type":"gpos","count":5,"version":5}}